day_index,date,model,method,complete,completed_utc,feasibility_tolerance_mw,fica.gurobi_runtime_seconds,fica.objective,fica.status,fica.training_JCC,fica.wall_seconds,independent_5000_validation.balance_jcc,independent_5000_validation.balance_violation.maximum_mw,independent_5000_validation.balance_violation.mean_mw,independent_5000_validation.balance_violation.p95_mw,independent_5000_validation.balance_violation.p99_mw,independent_5000_validation.generation_jcc,independent_5000_validation.generation_violation.maximum_mw,independent_5000_validation.generation_violation.mean_mw,independent_5000_validation.generation_violation.p95_mw,independent_5000_validation.generation_violation.p99_mw,independent_5000_validation.joint_jcc,independent_5000_validation.joint_jcc_definition,independent_5000_validation.joint_jcc_wilson_95_interval,independent_5000_validation.joint_satisfied_count,independent_5000_validation.line_flow_jcc,independent_5000_validation.line_flow_violation.maximum_mw,independent_5000_validation.line_flow_violation.mean_mw,independent_5000_validation.line_flow_violation.p95_mw,independent_5000_validation.line_flow_violation.p99_mw,independent_5000_validation.ramping_jcc,independent_5000_validation.ramping_violation.maximum_mw,independent_5000_validation.ramping_violation.mean_mw,independent_5000_validation.ramping_violation.p95_mw,independent_5000_validation.ramping_violation.p99_mw,independent_5000_validation.realized_cost.mean,independent_5000_validation.realized_cost.median,independent_5000_validation.realized_cost.q05,independent_5000_validation.realized_cost.q95,independent_5000_validation.realized_cost.standard_deviation,independent_5000_validation.scenario_count,real_trajectory.absolute_agc_energy_mwh,real_trajectory.balance.feasible,real_trajectory.balance.max_violation_mw,real_trajectory.balance.mean_positive_violation_mw,real_trajectory.balance.minimum_margin_mw,real_trajectory.balance.p95_positive_violation_mw,real_trajectory.balance.sum_violation_mw,real_trajectory.balance.violating_elements,real_trajectory.balance.violating_hours,real_trajectory.generation.feasible,real_trajectory.generation.max_violation_mw,real_trajectory.generation.mean_positive_violation_mw,real_trajectory.generation.minimum_margin_mw,real_trajectory.generation.p95_positive_violation_mw,real_trajectory.generation.sum_violation_mw,real_trajectory.generation.violating_elements,real_trajectory.generation.violating_hours,real_trajectory.joint_feasible,real_trajectory.line_flow.feasible,real_trajectory.line_flow.max_violation_mw,real_trajectory.line_flow.mean_positive_violation_mw,real_trajectory.line_flow.minimum_margin_mw,real_trajectory.line_flow.p95_positive_violation_mw,real_trajectory.line_flow.sum_violation_mw,real_trajectory.line_flow.violating_elements,real_trajectory.line_flow.violating_hours,real_trajectory.maximum_absolute_total_wind_error_mw,real_trajectory.maximum_agc_adjustment_mw,real_trajectory.mean_absolute_total_wind_error_mw,real_trajectory.ramping.feasible,real_trajectory.ramping.max_violation_mw,real_trajectory.ramping.mean_positive_violation_mw,real_trajectory.ramping.minimum_margin_mw,real_trajectory.ramping.p95_positive_violation_mw,real_trajectory.ramping.sum_violation_mw,real_trajectory.ramping.violating_elements,real_trajectory.ramping.violating_hours,real_trajectory.realized_cost,real_trajectory.realized_minus_scheduled_cost,real_trajectory.scheduled_cost,selection.candidate_count,selection.candidate_scenarios_violating_initial_policy,selection.candidate_seed,selection.core_count,selection.core_seed,selection.forecast_source,selection.maximum_witness_budget,selection.name,selection.scenario_seed,selection.uses_observation,selection.witness_count,selection.witness_diagnostics.generation_lower.active_constraints,selection.witness_diagnostics.generation_lower.unique_witnesses,selection.witness_diagnostics.generation_lower.violating_candidates,selection.witness_diagnostics.generation_upper.active_constraints,selection.witness_diagnostics.generation_upper.unique_witnesses,selection.witness_diagnostics.generation_upper.violating_candidates,selection.witness_diagnostics.line_lower.active_constraints,selection.witness_diagnostics.line_lower.unique_witnesses,selection.witness_diagnostics.line_lower.violating_candidates,selection.witness_diagnostics.line_upper.active_constraints,selection.witness_diagnostics.line_upper.unique_witnesses,selection.witness_diagnostics.line_upper.violating_candidates,selection.witness_diagnostics.ramp_lower.active_constraints,selection.witness_diagnostics.ramp_lower.unique_witnesses,selection.witness_diagnostics.ramp_lower.violating_candidates,selection.witness_diagnostics.ramp_upper.active_constraints,selection.witness_diagnostics.ramp_upper.unique_witnesses,selection.witness_diagnostics.ramp_upper.violating_candidates
0,2012-07-15T01:00:00.000000000,Joint-CLDM,Initial-200,True,2026-07-27T08:28:25.888375+00:00,0.0001,221.04235792160034,778334.2180975131,2,1.0,235.40654236200135,1.0,4.577636730118684e-05,4.577636701778829e-05,4.57763671875e-05,4.57763671875e-05,0.9042,17.6766418279196,0.2522275081563248,1.6631951532362697,6.030904129997096,0.8922,"simultaneous generation, line-flow, and ramping feasibility; power balance is reported separately as a numerical identity","[0.8833007920956387,0.9004970224986831]",4461,1.0,0.0,0.0,0.0,0.0,0.953,8.025156711212922,0.06797182309180526,0.0,2.1873665013978134,773074.2108889521,773070.9976019821,736001.6434230693,809231.1414477414,22450.603772110346,5000,896.9772920608516,True,0.0,0.0,6.185302768481052e-05,0.0,0.0,0,0,True,0.0,0.0,1.1798225092770522,0.0,0.0,0,0,True,True,0.0,0.0,74.0671621142605,0.0,0.0,0,0,94.51631164550781,14.228010824678703,37.374053955078125,True,0.0,0.0,1.17982478617159,0.0,0.0,0,0,745927.5900724353,-32406.6280250774,778334.2180975127,,,,,,Joint CLDM distribution expert,,native-center direct paired random 200,20260725,False,,,,,,,,,,,,,,,,,,,
0,2012-07-15T01:00:00.000000000,Joint-CLDM,Witness-200,True,2026-07-27T08:32:08.637060+00:00,0.0001,210.61599707603455,781261.3937629441,2,1.0,222.15816193299906,1.0,4.5776372871841886e-05,4.5776366858126495e-05,4.577636934754992e-05,4.577637059810513e-05,0.9952,5.167643069461363,0.006229722421777586,0.0,0.0,0.9942,"simultaneous generation, line-flow, and ramping feasibility; power balance is reported separately as a numerical identity","[0.9916826613678198,0.9959585420297168]",4971,1.0,0.0,0.0,0.0,0.0,0.9982,1.8406424953093854,0.001441166115199175,0.0,0.0,775972.2460706163,775969.7722859664,738926.7729698658,812160.436957277,22405.21435421276,5000,896.977292060857,True,0.0,0.0,6.185302677531582e-05,0.0,0.0,0,0,True,0.0,0.0,1.224462424521775,0.0,0.0,0,0,True,True,0.0,0.0,79.13924684587376,0.0,0.0,0,0,94.51631164550781,10.187176145899027,37.374053955078125,True,0.0,0.0,5.356494835555413,0.0,0.0,0,0,748940.1756578782,-32321.218105065636,781261.3937629438,6000,636,40260725,144,50260725,Joint CLDM distribution expert,100,native-center constraint witnesses plus uniform core,,False,56,154,22,305,153,20,268,0,0,0,0,0,0,30,13,147,35,17,133
0,2012-07-15T01:00:00.000000000,STDE-CDM,Initial-200,True,2026-07-27T08:35:34.309770+00:00,0.0001,193.76535081863403,775805.301605192,2,1.0,205.28190066000025,1.0,2.6702885634222184e-05,2.670288088606867e-05,2.670288233730389e-05,2.6702883133111754e-05,0.8954,14.801744750655175,0.25844061268644863,1.8041383117231486,6.195181267549337,0.8812,"simultaneous generation, line-flow, and ramping feasibility; power balance is reported separately as a numerical identity","[0.871937752330103,0.8898769517070094]",4406,1.0,0.0,0.0,0.0,0.0,0.954,10.986349750404933,0.05883541524612515,0.0,1.8259019070595708,765028.8242303055,765004.5781947406,732859.5718460382,796823.4137216244,19716.937675523743,5000,1047.271430969261,True,0.0,0.0,7.711181629256317e-05,0.0,0.0,0,0,True,0.0,0.0,1.159289704163097,0.0,0.0,0,0,True,True,0.0,0.0,74.02609576239124,0.0,0.0,0,0,97.24540710449219,16.640096863209557,43.63631057739258,True,0.0,0.0,1.1592897073252608,0.0,0.0,0,0,745137.0108432763,-30668.290761915385,775805.3016051917,,,,,,spatiotemporal expert joint forecast head,,native-center direct paired random 200,20260725,False,,,,,,,,,,,,,,,,,,,
0,2012-07-15T01:00:00.000000000,STDE-CDM,Witness-200,True,2026-07-27T08:38:44.228188+00:00,0.0001,177.78535389900208,778181.4201246736,2,1.0,189.33836806699765,1.0,2.670288131412235e-05,2.6702881148730738e-05,2.6702881200435513e-05,2.6702881200435513e-05,0.9954,5.429692956313019,0.007299401929087168,0.0,0.0,0.9946,"simultaneous generation, line-flow, and ramping feasibility; power balance is reported separately as a numerical identity","[0.9921545307177468,0.9962860585182338]",4973,1.0,0.0,0.0,0.0,0.0,0.9986,2.0702740622952405,0.001221957227008017,0.0,0.0,767408.4952041882,767422.1470018155,735175.1128313228,799221.3817338736,19730.17293860836,5000,1047.271430969236,True,0.0,0.0,7.711181629256317e-05,0.0,0.0,0,0,True,0.0,0.0,1.2140382197677972,0.0,0.0,0,0,True,True,0.0,0.0,78.6546607031772,0.0,0.0,0,0,97.24540710449219,12.08907649731828,43.63631057739258,True,0.0,0.0,4.824487408327705,0.0,0.0,0,0,747583.863007756,-30597.55711691745,778181.4201246734,6000,711,40260725,145,50260725,spatiotemporal expert joint forecast head,100,native-center constraint witnesses plus uniform core,,False,55,123,21,289,137,19,354,0,0,0,0,0,0,32,17,122,34,18,147
1,2012-07-06T01:00:00.000000000,Joint-CLDM,Initial-200,True,2026-07-27T08:42:24.394951+00:00,0.0001,197.29652500152588,887141.6392374422,2,1.0,208.8922735039996,1.0,9.53674611992028e-06,9.536743465923792e-06,9.536744300930877e-06,9.536744755678228e-06,0.8992,17.53547171658141,0.2964811628927107,2.096977136399268,6.512605280963123,0.894,"simultaneous generation, line-flow, and ramping feasibility; power balance is reported separately as a numerical identity","[0.8851627730657405,0.9022322778015792]",4470,1.0,0.0,0.0,0.0,0.0,0.962,8.623523993871732,0.05311607402259976,0.0,1.8288560532046034,877245.8160493693,876939.1296004322,844102.8553123873,911488.7667304545,20436.038805912238,5000,580.5543956757464,True,0.0,0.0,6.948242130656582e-05,0.0,0.0,0,0,True,0.0,0.0,1.1561451911452103,0.0,0.0,0,0,True,True,0.0,0.0,74.01980673683849,0.0,0.0,0,0,86.52726745605469,14.244084570042082,24.18976593017578,True,0.0,0.0,1.7789453838441247,0.0,0.0,0,0,867335.6715497301,-19805.967687711818,887141.6392374419,,,,,,Joint CLDM distribution expert,,native-center direct paired random 200,20260726,False,,,,,,,,,,,,,,,,,,,
1,2012-07-06T01:00:00.000000000,Joint-CLDM,Witness-200,True,2026-07-27T08:46:02.958328+00:00,0.0001,206.50150990486145,889404.1664903123,2,1.0,217.99582713500058,1.0,9.536759307593456e-06,9.536744569231814e-06,9.536749757899088e-06,9.536752713756869e-06,0.997,3.0585155369562687,0.002259923752978142,0.0,0.0,0.9966,"simultaneous generation, line-flow, and ramping feasibility; power balance is reported separately as a numerical identity","[0.9945614552240499,0.9978760632041505]",4983,1.0,0.0,0.0,0.0,0.0,0.9992,0.8994817350028974,0.0005174754794586811,0.0,0.0,879605.8189315356,879274.8606636695,846676.2390778881,913752.7522507679,20362.406270953048,5000,580.5543956756817,True,0.0,0.0,6.948242073813163e-05,0.0,0.0,0,0,True,0.0,0.0,1.2032889662730177,0.0,0.0,0,0,True,True,0.0,0.0,74.11409442238943,0.0,0.0,0,0,86.52726745605469,10.084734259766101,24.18976593017578,True,0.0,0.0,1.72280260102076,0.0,0.0,0,0,869564.5547435775,-19839.611746734474,889404.166490312,6000,677,40260726,154,50260726,Joint CLDM distribution expert,100,native-center constraint witnesses plus uniform core,,False,46,134,17,485,96,14,161,0,0,0,0,0,0,35,19,223,26,11,42
1,2012-07-06T01:00:00.000000000,STDE-CDM,Initial-200,True,2026-07-27T08:49:28.507433+00:00,0.0001,193.75630903244019,867626.9245391175,2,1.0,205.17722843199954,1.0,1.7166137922686175e-05,1.7166137570211504e-05,1.71661376953125e-05,1.7166137922686175e-05,0.8978,17.99335174863268,0.2918973234250318,2.170691156777156,6.613614737073826,0.8904,"simultaneous generation, line-flow, and ramping feasibility; power balance is reported separately as a numerical identity","[0.8814395616412164,0.8987610166801073]",4452,1.0,0.0,0.0,0.0,0.0,0.95,6.6624575530503165,0.07670572572781,0.0008692158294960708,2.4887852352228856,874861.2192611595,874513.3864909669,843215.6241134945,907960.7101461136,19731.548530189208,5000,435.1229705810545,True,0.0,0.0,6.376037586287567e-05,0.0,0.0,0,0,True,0.0,0.0,1.1339669373948595,0.0,0.0,0,0,True,True,0.0,0.0,73.97545026881349,0.0,0.0,0,0,39.84418487548828,6.796314172896032,18.130125045776367,True,0.0,0.0,1.875236324033672,0.0,0.0,0,0,867085.2370071704,-541.687531946809,867626.9245391173,,,,,,spatiotemporal expert joint forecast head,,native-center direct paired random 200,20260726,False,,,,,,,,,,,,,,,,,,,
1,2012-07-06T01:00:00.000000000,STDE-CDM,Witness-200,True,2026-07-27T08:52:47.244681+00:00,0.0001,186.65100407600403,869631.6731021751,2,1.0,198.19088426099916,1.0,1.7166141560664983e-05,1.7166137904905555e-05,1.7166139286928228e-05,1.7166139969049254e-05,0.9978,2.6822916761016176,0.0019132146851034012,0.0,0.0,0.997,"simultaneous generation, line-flow, and ramping feasibility; power balance is reported separately as a numerical identity","[0.9950558340443003,0.9981810702223441]",4985,1.0,0.0,0.0,0.0,0.0,0.999,1.5122858856915933,0.000719536428298008,0.0,0.0,876914.3427064111,876607.3151425081,845348.3524525801,909987.4320789097,19649.12910444833,5000,435.12297058103456,True,0.0,0.0,6.376037915979396e-05,0.0,0.0,0,0,True,0.0,0.0,1.197783085890464,0.0,0.0,0,0,True,True,0.0,0.0,74.7251784268781,0.0,0.0,0,0,39.84418487548828,4.907775993287682,18.130125045776367,True,0.0,0.0,1.7285429901586156,0.0,0.0,0,0,869054.1707500103,-577.5023521644762,869631.6731021748,6000,655,40260726,158,50260726,spatiotemporal expert joint forecast head,100,native-center constraint witnesses plus uniform core,,False,42,129,16,476,99,16,157,0,0,0,0,0,0,32,18,261,18,9,46
2,2012-01-15T01:00:00.000000000,Joint-CLDM,Initial-200,True,2026-07-27T08:56:20.346583+00:00,0.0001,190.1669819355011,885133.6365936688,2,1.0,201.8680551139987,1.0,2.00271610992786e-05,2.0027160657855346e-05,2.0027160871904925e-05,2.0027160871904925e-05,0.93,18.203637507672923,0.1704737096209805,0.8247994053472286,4.714921951838357,0.9196,"simultaneous generation, line-flow, and ramping feasibility; power balance is reported separately as a numerical identity","[0.9117370198947049,0.9268187246330294]",4598,1.0,0.0,0.0,0.0,0.0,0.9662,12.816860104344492,0.0569115312236167,0.0,1.9645766472259956,880355.5977704555,880966.9113347521,847652.4762243975,911114.1880202311,19520.800679600467,5000,551.4816000461577,True,0.0,0.0,7.329711891325133e-05,0.0,0.0,0,0,True,0.0,0.0,1.1737525920453749,0.0,0.0,0,0,True,True,0.0,0.0,74.05502182665586,0.0,0.0,0,0,62.053062438964844,10.363970217176309,22.9783992767334,True,0.0,0.0,4.317213810803487,0.0,0.0,0,0,870088.0262234396,-15045.610370228882,885133.6365936685,,,,,,Joint CLDM distribution expert,,native-center direct paired random 200,20260727,False,,,,,,,,,,,,,,,,,,,
2,2012-01-15T01:00:00.000000000,Joint-CLDM,Witness-200,True,2026-07-27T08:59:36.361870+00:00,0.0001,183.88422107696533,887543.009522065,2,1.0,195.46572185699915,1.0,2.0027163827762706e-05,2.0027160608970008e-05,2.0027161554025952e-05,2.0027162008773303e-05,0.9966,9.428587020467031,0.005962314730714068,0.0,0.0,0.9966,"simultaneous generation, line-flow, and ramping feasibility; power balance is reported separately as a numerical identity","[0.9945614552240499,0.9978760632041505]",4983,1.0,0.0,0.0,0.0,0.0,0.9992,4.1346220356487215,0.001175522525496056,0.0,0.0,882805.0584121649,883356.0046845842,850085.8799341109,913521.2051173592,19492.547885417345,5000,551.4816000461254,True,0.0,0.0,7.329711959537236e-05,0.0,0.0,0,0,True,0.0,0.0,1.2169205523891407,0.0,0.0,0,0,True,True,0.0,0.0,76.00734806816621,0.0,0.0,0,0,62.053062438964844,6.828784706624496,22.9783992767334,True,0.0,0.0,6.550048428088022,0.0,0.0,0,0,872599.7519590361,-14943.257563028834,887543.0095220649,6000,533,40260727,150,50260727,Joint CLDM distribution expert,100,native-center constraint witnesses plus uniform core,,False,50,142,17,237,133,19,247,0,0,0,0,0,0,39,17,153,23,10,64
2,2012-01-15T01:00:00.000000000,STDE-CDM,Initial-200,True,2026-07-27T09:03:00.793208+00:00,0.0001,192.58532404899597,895235.4186778411,2,1.0,204.04687282000305,1.0,1.1444096571722184e-05,1.1444092588590138e-05,1.1444093843238079e-05,1.144409475273278e-05,0.9374,15.120365473630413,0.1454137870319489,0.507851710648878,4.070277499971911,0.931,"simultaneous generation, line-flow, and ramping feasibility; power balance is reported separately as a numerical identity","[0.9236387658109398,0.937699475112448]",4655,1.0,0.0,0.0,0.0,0.0,0.9744,7.7936827153279715,0.03825873346668876,0.0,1.1672861996011012,884919.951531717,885363.8846338337,852441.4075557471,915267.2649486272,19026.07701498907,5000,616.9802885054999,True,0.0,0.0,8.47412091185106e-05,0.0,0.0,0,0,True,0.0,0.0,1.1522015897271345,0.0,0.0,0,0,True,True,0.0,0.0,74.01191953417407,0.0,0.0,0,0,79.05625915527344,14.653496383689042,25.70751190185547,True,0.0,0.0,4.872441138244774,0.0,0.0,0,0,869808.1921906814,-25427.226487159613,895235.418677841,,,,,,spatiotemporal expert joint forecast head,,native-center direct paired random 200,20260727,False,,,,,,,,,,,,,,,,,,,
2,2012-01-15T01:00:00.000000000,STDE-CDM,Witness-200,True,2026-07-27T09:06:16.929418+00:00,0.0001,183.98944211006165,897487.5577355794,2,1.0,195.592329375002,1.0,1.1444092478996026e-05,1.1444091969042348e-05,1.1444092024248675e-05,1.1444092251622351e-05,0.996,8.760960780677285,0.008059826449786152,0.0,0.0,0.9958,"simultaneous generation, line-flow, and ramping feasibility; power balance is reported separately as a numerical identity","[0.9935875211616506,0.9972512255896618]",4979,1.0,0.0,0.0,0.0,0.0,0.9984,3.1793607272415336,0.0015214406146697903,0.0,0.0,887130.9657654284,887548.6259615668,854723.5490115059,917457.0577596261,19040.821891767875,5000,616.9802885055533,True,0.0,0.0,8.474121071012633e-05,0.0,0.0,0,0,True,0.0,0.0,1.2062550954194826,0.0,0.0,0,0,True,True,0.0,0.0,81.24353541266294,0.0,0.0,0,0,79.05625915527344,9.656044245789854,25.70751190185547,True,0.0,0.0,6.755786898632419,0.0,0.0,0,0,872083.9490625043,-25403.608673074516,897487.5577355789,6000,454,40260727,154,50260727,spatiotemporal expert joint forecast head,100,native-center constraint witnesses plus uniform core,,False,46,128,17,215,124,19,208,0,0,0,0,0,0,30,16,131,19,8,42
3,2012-02-01T01:00:00.000000000,Joint-CLDM,Initial-200,True,2026-07-27T09:09:56.271390+00:00,0.0001,196.45819115638733,819329.610290416,2,1.0,208.109070616003,1.0,1.5735626334389963e-05,1.573562609955843e-05,1.5735626220703125e-05,1.5735626334389963e-05,0.9058,24.179619160044442,0.25551128318680805,1.6393356597901396,5.83004398980745,0.893,"simultaneous generation, line-flow, and ramping feasibility; power balance is reported separately as a numerical identity","[0.8841282455522376,0.9012683407189722]",4465,1.0,0.0,0.0,0.0,0.0,0.9432,11.211713564170012,0.0895531959064316,0.22115221104807287,2.681183173879122,819376.1803756368,819719.6361628415,785884.7901907326,851902.6823217634,19998.061364102734,5000,516.9574527740477,True,0.0,0.0,6.185302688900265e-05,0.0,0.0,0,0,True,0.0,0.0,1.1771460333880306,0.0,0.0,0,0,True,True,0.0,0.0,78.28435453699845,0.0,0.0,0,0,55.11443328857422,8.809435583091464,21.539894104003906,True,0.0,0.0,5.302351323635474,0.0,0.0,0,0,817030.9339041181,-2298.676386297564,819329.6102904157,,,,,,Joint CLDM distribution expert,,native-center direct paired random 200,20260728,False,,,,,,,,,,,,,,,,,,,
3,2012-02-01T01:00:00.000000000,Joint-CLDM,Witness-200,True,2026-07-27T09:13:03.447927+00:00,0.0001,174.95793509483337,822061.7667713063,2,1.0,186.59661229599806,1.0,1.5735630654489796e-05,1.5735626174978277e-05,1.5735627698632015e-05,1.573562849443988e-05,0.9956,4.774768273119374,0.006264014811359974,0.0,0.0,0.9948,"simultaneous generation, line-flow, and ramping feasibility; power balance is reported separately as a numerical identity","[0.9923914507970344,0.9964488313581681]",4974,1.0,0.0,0.0,0.0,0.0,0.9986,2.203620946267556,0.0013243440699480544,0.0,0.0,822122.3743097774,822437.492285964,788747.048615252,854639.0148599548,19953.7244361171,5000,516.9574527740397,True,0.0,0.0,6.185302757112368e-05,0.0,0.0,0,0,True,0.0,0.0,1.234151225258671,0.0,0.0,0,0,True,True,0.0,0.0,78.52422790667097,0.0,0.0,0,0,55.11443328857422,6.3537826528736865,21.539894104003906,True,0.0,0.0,7.136533708987697,0.0,0.0,0,0,819800.9967059601,-2260.770065345685,822061.7667713058,6000,601,40260728,146,50260728,Joint CLDM distribution expert,100,native-center constraint witnesses plus uniform core,,False,54,131,18,264,149,21,248,0,0,0,0,0,0,52,25,264,23,11,93
3,2012-02-01T01:00:00.000000000,STDE-CDM,Initial-200,True,2026-07-27T09:17:08.392945+00:00,0.0001,233.0189208984375,811472.8456615946,2,1.0,244.56545687100152,1.0,2.098083837154263e-05,2.09808342829092e-05,2.0980835870432202e-05,2.0980836779926904e-05,0.9004,25.577428325352717,0.2686694482694324,1.785544801867301,5.927193061633233,0.8922,"simultaneous generation, line-flow, and ramping feasibility; power balance is reported separately as a numerical identity","[0.8833007920956387,0.9004970224986831]",4461,1.0,0.0,0.0,0.0,0.0,0.957,11.147542272455098,0.06937659182217014,0.0,2.262500047843276,818812.9951892865,819000.6813667826,786463.0180456308,849915.5293277176,19388.33967594711,5000,458.9600853920134,True,0.0,0.0,7.329711936799868e-05,0.0,0.0,0,0,True,0.0,0.0,1.166782606035099,0.0,0.0,0,0,True,True,0.0,0.0,78.06349217596696,0.0,0.0,0,0,52.90461349487305,8.242114844505217,19.123334884643555,True,0.0,0.0,4.722065207374943,0.0,0.0,0,0,816657.532815922,5184.687154327636,811472.8456615944,,,,,,spatiotemporal expert joint forecast head,,native-center direct paired random 200,20260728,False,,,,,,,,,,,,,,,,,,,
3,2012-02-01T01:00:00.000000000,STDE-CDM,Witness-200,True,2026-07-27T09:20:51.353567+00:00,0.0001,210.74551510810852,814119.6285568612,2,1.0,222.37614054200094,1.0,2.0980836325179553e-05,2.098083504447459e-05,2.0980835643058526e-05,2.0980835870432202e-05,0.9972,3.362816593137289,0.0029837070949422185,0.0,0.0,0.9964,"simultaneous generation, line-flow, and ramping feasibility; power balance is reported separately as a numerical identity","[0.9943162662634123,0.997721559245566]",4982,1.0,0.0,0.0,0.0,0.0,0.9982,1.6843602035229637,0.000741094985821811,0.0,0.0,821434.4167899374,821610.7272513484,789158.3921764434,852543.5136611864,19379.171318906523,5000,458.9600853919943,True,0.0,0.0,7.329711777638295e-05,0.0,0.0,0,0,True,0.0,0.0,1.2259662743874529,0.0,0.0,0,0,True,True,0.0,0.0,80.17878801682963,0.0,0.0,0,0,52.90461349487305,5.077038812641806,19.123334884643555,True,0.0,0.0,7.292481148799451,0.0,0.0,0,0,819268.3765610794,5148.748004218563,814119.6285568608,6000,575,40260728,151,50260728,spatiotemporal expert joint forecast head,100,native-center constraint witnesses plus uniform core,,False,49,129,19,316,142,18,206,0,0,0,0,0,0,35,15,200,21,10,42
4,2013-01-25T01:00:00.000000000,Joint-CLDM,Initial-200,True,2026-07-27T09:24:36.858785+00:00,0.0001,202.62211108207703,726589.7068356997,2,1.0,214.22916047000035,1.0,2.6702883133111754e-05,2.6702880751281555e-05,2.6702881541496026e-05,2.6702881996243377e-05,0.8888,12.274790323365742,0.2628982534053749,1.9506461524798502,5.714981040079072,0.883,"simultaneous generation, line-flow, and ramping feasibility; power balance is reported separately as a numerical identity","[0.873795386044444,0.8916165542656663]",4415,1.0,0.0,0.0,0.0,0.0,0.9642,6.940931136193207,0.051986875990679235,0.0,2.0934637423835434,730323.0741760562,729127.3324164258,698111.9460979933,767466.8372808394,21083.183864205737,5000,1034.639466762538,True,0.0,0.0,6.185302393314487e-05,0.0,0.0,0,0,False,1.1778080469186567,1.0172634219202765,-1.1778080469186567,1.1445770174326295,9.155370797282488,9,1,False,True,0.0,0.0,82.53718475593752,0.0,0.0,0,0,133.78564453125,14.55877477721116,43.1099739074707,False,0.2298845751659222,0.2298845751659222,-0.2298845751659222,0.2298845751659222,0.2298845751659222,1,1,750561.8670756859,23972.16023998661,726589.7068356993,,,,,,Joint CLDM distribution expert,,native-center direct paired random 200,20260729,False,,,,,,,,,,,,,,,,,,,
4,2013-01-25T01:00:00.000000000,Joint-CLDM,Witness-200,True,2026-07-27T09:28:14.301743+00:00,0.0001,205.28934502601624,729931.8603281187,2,1.0,216.85877521599832,1.0,2.6703310822995263e-05,2.6702889816078824e-05,2.67030427608006e-05,2.6703117805482178e-05,0.997,3.754312884891796,0.0034440861857920374,0.0,0.0,0.9968,"simultaneous generation, line-flow, and ramping feasibility; power balance is reported separately as a numerical identity","[0.994807939169344,0.9980292721780785]",4984,1.0,0.0,0.0,0.0,0.0,0.9994,2.417918537395078,0.0006929722887631861,0.0,0.0,733631.1462952734,732454.8365618614,701504.7108568572,770532.8661880865,20948.011609918336,5000,1034.6394667613931,True,0.0,0.0,6.185302666162898e-05,0.0,0.0,0,0,True,0.0,0.0,1.2965953899463543,0.0,0.0,0,0,True,True,0.0,0.0,86.85674914845808,0.0,0.0,0,0,133.78564453125,13.660541068980377,43.1099739074707,True,0.0,0.0,1.9590083226247579,0.0,0.0,0,0,754071.1375663537,24139.277238235343,729931.8603281183,6000,672,40260729,144,50260729,Joint CLDM distribution expert,100,native-center constraint witnesses plus uniform core,,False,56,164,19,350,144,21,302,0,0,0,0,0,0,29,15,161,35,18,120
4,2013-01-25T01:00:00.000000000,STDE-CDM,Initial-200,True,2026-07-27T09:32:30.307520+00:00,0.0001,244.1720130443573,695288.1682162776,2,1.0,255.59215659899928,1.0,2.2888646753926878e-05,2.28882339755728e-05,2.2888400997089776e-05,2.2888489424985892e-05,0.877,13.67022045310219,0.3106008618702218,2.505390340112627,6.044137015514248,0.8688,"simultaneous generation, line-flow, and ramping feasibility; power balance is reported separately as a numerical identity","[0.8591580326228179,0.8778757104225312]",4344,1.0,0.0,0.0,0.0,0.0,0.9542,9.123949062128208,0.0763517924789352,0.0,2.5318884223095064,726219.8339641097,725219.2716343482,696565.0484650464,758994.821679672,18964.0244607963,5000,1414.6710548397714,True,0.0,0.0,6.948225748383266e-05,0.0,0.0,0,0,False,1.71803954725,1.2687823198700883,-1.71803954725,1.5945175172234254,8.881476239090619,7,1,False,True,0.0,0.0,80.2856045232904,0.0,0.0,0,0,132.23724365234375,20.527081829758057,58.94462585449219,False,0.5216143574204111,0.42467747954306034,-0.5216143574204111,0.511920669632676,0.8493549590861207,2,2,750097.1638123095,54808.99559603236,695288.1682162771,,,,,,spatiotemporal expert joint forecast head,,native-center direct paired random 200,20260729,False,,,,,,,,,,,,,,,,,,,
4,2013-01-25T01:00:00.000000000,STDE-CDM,Witness-200,True,2026-07-27T09:36:36.120318+00:00,0.0001,233.71173310279846,698138.7685203925,2,1.0,245.2308869069966,1.0,2.288844211761898e-05,2.2888211530880653e-05,2.2888304795287694e-05,2.2888354353653996e-05,0.9974,2.3143992169186447,0.002246351658076941,0.0,0.0,0.9972,"simultaneous generation, line-flow, and ramping feasibility; power balance is reported separately as a numerical identity","[0.9953052742616747,0.9983313229241916]",4986,1.0,0.0,0.0,0.0,0.0,0.9988,1.4226257171581835,0.0009490923126109933,0.0,0.0,728760.5171078846,727736.1567906004,699280.1232240709,761410.3735830479,18877.392785424665,5000,1414.6710548398812,True,0.0,0.0,6.94823302434088e-05,0.0,0.0,0,0,True,0.0,0.0,1.2011264820358187,0.0,0.0,0,0,True,True,0.0,0.0,85.73163200765188,0.0,0.0,0,0,132.23724365234375,14.469807972099652,58.94462585449219,True,0.0,0.0,1.5242918555656608,0.0,0.0,0,0,752611.1944001256,54472.425879733404,698138.7685203922,6000,798,40260729,146,50260729,spatiotemporal expert joint forecast head,100,native-center constraint witnesses plus uniform core,,False,54,144,21,387,142,21,376,0,0,0,0,0,0,26,17,207,26,15,122
5,2012-11-15T01:00:00.000000000,Joint-CLDM,Initial-200,True,2026-07-27T09:39:57.620357+00:00,0.0001,178.68788385391235,819491.5600040342,2,1.0,190.25861746500232,1.0,3.051757857974735e-05,3.0517578343301465e-05,3.051757846606051e-05,3.051757857974735e-05,0.9258,39.55289760225965,0.22573395535217905,0.8700526003350397,5.967161475110263,0.9144,"simultaneous generation, line-flow, and ramping feasibility; power balance is reported separately as a numerical identity","[0.9063235611306157,0.9218401674973469]",4572,1.0,0.0,0.0,0.0,0.0,0.9504,25.918168166203223,0.11133485309544042,0.0,3.3876135547115966,817848.8321315121,817334.1650762013,786044.2655868497,850875.429186033,19826.64964001096,5000,744.8811922073367,True,0.0,0.0,5.994567893831118e-05,0.0,0.0,0,0,True,0.0,0.0,1.1743726845380955,0.0,0.0,0,0,True,True,0.0,0.0,75.1640891032518,0.0,0.0,0,0,104.37960052490234,13.4140389285417,31.036718368530273,True,0.0,0.0,2.999735399118009,0.0,0.0,0,0,849362.3434173301,29870.783413296216,819491.5600040338,,,,,,Joint CLDM distribution expert,,native-center direct paired random 200,20260730,False,,,,,,,,,,,,,,,,,,,
5,2012-11-15T01:00:00.000000000,Joint-CLDM,Witness-200,True,2026-07-27T09:43:16.413637+00:00,0.0001,186.74893403053284,821858.689844796,2,1.0,198.2351111559983,1.0,3.0517587788381206e-05,3.051757914940936e-05,3.051758267815785e-05,3.051758494621026e-05,0.9974,6.838899586633758,0.005037904234817587,0.0,0.0,0.9972,"simultaneous generation, line-flow, and ramping feasibility; power balance is reported separately as a numerical identity","[0.9953052742616747,0.9983313229241916]",4986,1.0,0.0,0.0,0.0,0.0,0.9994,4.978026317338177,0.0019346491390795798,0.0,0.0,820263.8307681213,819694.7957824068,788498.763361797,853293.3609376033,19797.734559458793,5000,744.8811922072701,True,0.0,0.0,5.994567905199802e-05,0.0,0.0,0,0,True,0.0,0.0,1.2178308788708918,0.0,0.0,0,0,True,True,0.0,0.0,79.3527457378622,0.0,0.0,0,0,104.37960052490234,11.896889839514927,31.036718368530273,True,0.0,0.0,3.687204487268861,0.0,0.0,0,0,851604.7028503015,29746.013005506014,821858.6898447955,6000,484,40260730,155,50260730,Joint CLDM distribution expert,100,native-center constraint witnesses plus uniform core,,False,45,150,15,268,139,17,139,0,0,0,0,0,0,40,19,197,25,11,119
5,2012-11-15T01:00:00.000000000,STDE-CDM,Initial-200,True,2026-07-27T09:46:39.688202+00:00,0.0001,191.49302506446838,818281.7831279743,2,1.0,202.88754400700054,1.0,1.5258790881489404e-05,1.5258788911205557e-05,1.5258789744621026e-05,1.5258790199368377e-05,0.925,40.30224176986618,0.2329642812576998,1.13500605641524,5.609165855633231,0.9172,"simultaneous generation, line-flow, and ramping feasibility; power balance is reported separately as a numerical identity","[0.9092373942902154,0.924522035206855]",4586,1.0,0.0,0.0,0.0,0.0,0.9486,27.556960882654906,0.10773320169606945,0.04704363977426885,3.150766216616904,819884.0776398532,819445.506031381,789009.4713071242,851843.4463264445,19107.057835446587,5000,781.1299962997784,True,0.0,0.0,7.711180185433478e-05,0.0,0.0,0,0,True,0.0,0.0,1.1643861890209166,0.0,0.0,0,0,True,True,0.0,0.0,75.14411649585035,0.0,0.0,0,0,114.70989227294922,15.763068738573143,32.54708480834961,True,0.0,0.0,1.8924944484124104,0.0,0.0,0,0,848875.370685435,30593.587557461113,818281.7831279739,,,,,,spatiotemporal expert joint forecast head,,native-center direct paired random 200,20260730,False,,,,,,,,,,,,,,,,,,,
5,2012-11-15T01:00:00.000000000,STDE-CDM,Witness-200,True,2026-07-27T09:50:04.799311+00:00,0.0001,193.0214021205902,820493.532249281,2,1.0,204.55840380299924,1.0,1.5258791449923592e-05,1.5258788899700449e-05,1.5258789971994702e-05,1.5258790426742053e-05,0.9988,7.633697419986731,0.0040912665398135485,0.0,0.0,0.9986,"simultaneous generation, line-flow, and ramping feasibility; power balance is reported separately as a numerical identity","[0.9971127802223824,0.999321667398038]",4993,1.0,0.0,0.0,0.0,0.0,0.999,4.250085021496769,0.001994358529709594,0.0,0.0,822174.5657433628,821714.1546361576,791324.4762297026,854141.6105652023,19078.511666516402,5000,781.1299962995754,True,0.0,0.0,7.711181981685514e-05,0.0,0.0,0,0,True,0.0,0.0,1.206484270923312,0.0,0.0,0,0,True,True,0.0,0.0,78.06752991930989,0.0,0.0,0,0,114.70989227294922,13.098377762657154,32.54708480834961,True,0.0,0.0,3.7005566346948626,0.0,0.0,0,0,850985.9579685053,30492.425719224615,820493.5322492807,6000,513,40260730,151,50260730,spatiotemporal expert joint forecast head,100,native-center constraint witnesses plus uniform core,,False,49,143,19,258,128,19,205,0,0,0,0,0,0,43,21,222,21,10,114
6,2012-10-26T01:00:00.000000000,Joint-CLDM,Initial-200,True,2026-07-27T09:53:52.093720+00:00,0.0001,204.42582392692566,828600.1512453265,2,1.0,216.03087847300048,1.0,2.670288131412235e-05,2.670288095569049e-05,2.6702881086748675e-05,2.6702881086748675e-05,0.907,25.727011677935185,0.24403791650322346,1.5415198843806914,5.946476810070688,0.8972,"simultaneous generation, line-flow, and ramping feasibility; power balance is reported separately as a numerical identity","[0.8884748673842433,0.9053152701906282]",4486,1.0,0.0,0.0,0.0,0.0,0.9478,16.83071229087477,0.0897809142367929,0.06454020633487134,2.842686198712738,828384.0545832078,828495.5433539026,797682.1141442504,858849.3942370114,18690.192632329035,5000,713.7394809722904,True,0.0,0.0,7.138977039412567e-05,0.0,0.0,0,0,True,0.0,0.0,1.1898126363322703,0.0,0.0,0,0,True,True,0.0,0.0,74.82329443959972,0.0,0.0,0,0,73.34286499023438,14.910514231752622,29.739145278930664,True,0.0,0.0,3.3215580660208204,0.0,0.0,0,0,796663.0147714869,-31937.13647383917,828600.151245326,,,,,,Joint CLDM distribution expert,,native-center direct paired random 200,20260731,False,,,,,,,,,,,,,,,,,,,
6,2012-10-26T01:00:00.000000000,Joint-CLDM,Witness-200,True,2026-07-27T09:57:24.190830+00:00,0.0001,199.96389389038086,831409.2281264071,2,1.0,211.51664060999974,1.0,2.670288131412235e-05,2.6702881006440292e-05,2.6702881086748675e-05,2.6702881086748675e-05,0.9984,3.1582518169489404,0.0024186199867802165,0.0,0.0,0.9984,"simultaneous generation, line-flow, and ramping feasibility; power balance is reported separately as a numerical identity","[0.9968457298409374,0.9991890248602608]",4992,1.0,0.0,0.0,0.0,0.0,0.9996,1.0763118257374629,0.00035482992155420445,0.0,0.0,831196.2319047468,831292.2315101216,800536.2569076235,861597.7000660264,18653.239524034594,5000,713.73948097229,True,0.0,0.0,7.138977039412567e-05,0.0,0.0,0,0,True,0.0,0.0,1.2531857585696748,0.0,0.0,0,0,True,True,0.0,0.0,74.95004069043344,0.0,0.0,0,0,73.34286499023438,11.042855763715387,29.739145278930664,True,0.0,0.0,5.038881362853575,0.0,0.0,0,0,799534.5547146031,-31874.673411803786,831409.2281264069,6000,682,40260731,153,50260731,Joint CLDM distribution expert,100,native-center constraint witnesses plus uniform core,,False,47,146,17,329,137,15,304,0,0,0,0,0,0,21,11,75,39,20,314
6,2012-10-26T01:00:00.000000000,STDE-CDM,Initial-200,True,2026-07-27T10:01:25.916049+00:00,0.0001,229.86294102668762,804373.4290113172,2,1.0,241.34618591400067,1.0,2.288818654960778e-05,2.2888183661780203e-05,2.2888184844305215e-05,2.2888185412739404e-05,0.8946,22.162221600329794,0.2949498149840152,2.045865740973748,6.413340398675159,0.8844,"simultaneous generation, line-flow, and ramping feasibility; power balance is reported separately as a numerical identity","[0.875240677746271,0.8929691129983931]",4422,1.0,0.0,0.0,0.0,0.0,0.9492,14.307174408212234,0.08502589855541673,0.005265547485920906,2.5760385075496406,819923.9067783137,819932.7069007059,792556.2344908023,846866.394693054,16615.70520056104,5000,531.0765962600672,True,0.0,0.0,6.948243642691523e-05,0.0,0.0,0,0,True,0.0,0.0,1.105201940106113,0.0,0.0,0,0,True,True,0.0,0.0,74.65407303889421,0.0,0.0,0,0,71.19869995117188,16.58102448365252,22.128190994262695,True,0.0,0.0,1.1052022763222347,0.0,0.0,0,0,795726.5400032313,-8646.889008085593,804373.4290113169,,,,,,spatiotemporal expert joint forecast head,,native-center direct paired random 200,20260731,False,,,,,,,,,,,,,,,,,,,
6,2012-10-26T01:00:00.000000000,STDE-CDM,Witness-200,True,2026-07-27T10:05:06.555468+00:00,0.0001,208.4812970161438,806780.0043232113,2,1.0,220.0535856509996,1.0,2.2888183821123675e-05,2.288818351280497e-05,2.288818359375e-05,2.288818359375e-05,0.9984,4.1880894473625245,0.0032117433670974826,0.0,0.0,0.9984,"simultaneous generation, line-flow, and ramping feasibility; power balance is reported separately as a numerical identity","[0.9968457298409374,0.9991890248602608]",4992,1.0,0.0,0.0,0.0,0.0,0.9996,0.3358003280341677,8.988770343723189e-05,0.0,0.0,822218.7561091539,822214.5434464815,795057.2456636569,848959.43643686,16518.47781087932,5000,531.0765962600723,True,0.0,0.0,6.948242176131317e-05,0.0,0.0,0,0,True,0.0,0.0,1.1884005800916384,0.0,0.0,0,0,True,True,0.0,0.0,74.54342356553532,0.0,0.0,0,0,71.19869995117188,11.355330383554634,22.128190994262695,True,0.0,0.0,5.3276840521457345,0.0,0.0,0,0,798212.662563683,-8567.341759527917,806780.0043232109,6000,752,40260731,151,50260731,spatiotemporal expert joint forecast head,100,native-center constraint witnesses plus uniform core,,False,49,121,17,320,125,15,376,0,0,0,0,0,0,22,12,50,36,20,295
7,2013-12-03T01:00:00.000000000,Joint-CLDM,Initial-200,True,2026-07-27T10:08:33.922992+00:00,0.0001,184.4883041381836,886241.3557574791,2,1.0,196.1373322649997,1.0,1.1444107713032281e-05,1.144409101329984e-05,1.144409725384321e-05,1.1444100664448342e-05,0.8836,29.65767699498051,0.36704944757023783,2.5353955953387057,7.586641971538758,0.875,"simultaneous generation, line-flow, and ramping feasibility; power balance is reported separately as a numerical identity","[0.865544217799271,0.8838800057419597]",4375,1.0,0.0,0.0,0.0,0.0,0.9502,16.79157570309274,0.09909743756166813,0.0,3.029251536744092,878626.8372579777,879108.4130085581,845860.8784088162,910009.0390992855,19882.385365801038,5000,2114.9117822647318,True,0.0,0.0,6.948242176131317e-05,0.0,0.0,0,0,False,27.797856564352674,5.436700150541995,-27.797856564352674,19.70622849667844,255.52490707547375,47,10,False,True,0.0,0.0,74.00739923699774,0.0,0.0,0,0,223.79608154296875,54.653866005157425,88.1213150024414,False,30.92983465654286,6.643058998296764,-30.92983465654286,22.66754717454261,126.21812096763853,19,6,778596.2182100796,-107645.13754739903,886241.3557574786,,,,,,Joint CLDM distribution expert,,native-center direct paired random 200,20260732,False,,,,,,,,,,,,,,,,,,,
7,2013-12-03T01:00:00.000000000,Joint-CLDM,Witness-200,True,2026-07-27T10:11:50.685068+00:00,0.0001,184.62383008003235,888879.3124418714,2,1.0,196.20634937100112,1.0,1.144409930020629e-05,1.1444092183273824e-05,1.1444095434853807e-05,1.144409679909586e-05,0.9982,7.979015294781018,0.00492250737864123,0.0,0.0,0.998,"simultaneous generation, line-flow, and ramping feasibility; power balance is reported separately as a numerical identity","[0.9963221157237114,0.998913253139043]",4990,1.0,0.0,0.0,0.0,0.0,0.9992,3.7972004347981496,0.0017809384819187373,0.0,0.0,881324.8029864922,881785.961178161,848664.8052187507,912711.0704495269,19818.81776655785,5000,2114.91178226472,True,0.0,0.0,6.9482421875e-05,0.0,0.0,0,0,False,6.7834077238133155,6.18809073065104,-6.7834077238133155,6.776460367077068,37.12854438390624,6,1,False,True,0.0,0.0,74.13905447893237,0.0,0.0,0,0,223.79608154296875,35.13488447718686,88.1213150024414,False,4.633664826393456,4.08230331989773,-4.633664826393456,4.631163929519923,24.493819919386382,6,1,781880.2511954523,-106999.06124641874,888879.312441871,6000,755,40260732,144,50260732,Joint CLDM distribution expert,100,native-center constraint witnesses plus uniform core,,False,56,143,23,401,139,19,322,0,0,0,0,0,0,40,17,189,27,13,175
7,2013-12-03T01:00:00.000000000,STDE-CDM,Initial-200,True,2026-07-27T10:15:10.473237+00:00,0.0001,187.9333999156952,902102.617379285,2,1.0,199.4116560750008,1.0,1.3351444636100496e-05,1.3351439758821471e-05,1.3351441793929553e-05,1.3351442818247961e-05,0.8938,19.810227289456524,0.3082574043708562,2.207806623004215,7.066466985667301,0.8816,"simultaneous generation, line-flow, and ramping feasibility; power balance is reported separately as a numerical identity","[0.8723505022353136,0.8902635876402428]",4408,1.0,0.0,0.0,0.0,0.0,0.9464,12.933360375245272,0.09324810967968312,0.06953886271171855,2.9428744657425625,877852.6297825804,878180.1771989305,845615.4670433683,909018.031433964,19488.931776586993,5000,2508.9278774257637,True,0.0,0.0,6.566772563255654e-05,0.0,0.0,0,0,False,20.413400656246143,5.6394069116608,-20.413400656246143,19.423181035404877,197.37924190812802,35,8,False,True,0.0,0.0,74.02849798643851,0.0,0.0,0,0,212.19021606445312,47.283376949127856,104.53865814208984,False,20.487646643149738,7.2066592250804575,-20.487646643149738,18.798853614497535,72.06659225080458,10,4,778933.4177883039,-123169.19959098066,902102.6173792846,,,,,,spatiotemporal expert joint forecast head,,native-center direct paired random 200,20260732,False,,,,,,,,,,,,,,,,,,,
7,2013-12-03T01:00:00.000000000,STDE-CDM,Witness-200,True,2026-07-27T10:18:32.314377+00:00,0.0001,189.6937940120697,904616.6070285501,2,1.0,201.29123380500096,1.0,1.3351488632906694e-05,1.335143561152563e-05,1.3351457710086834e-05,1.3351469079907475e-05,0.9982,5.78645751755524,0.004376070821476673,0.0,0.0,0.9978,"simultaneous generation, line-flow, and ramping feasibility; power balance is reported separately as a numerical identity","[0.9960645913506854,0.998771084592847]",4989,1.0,0.0,0.0,0.0,0.0,0.9992,0.9610797262885065,0.0005593722108728449,0.0,0.0,880412.5881696377,880701.9315047434,848290.1354352845,911515.5171020398,19434.699235904907,5000,2508.927877426014,True,0.0,0.0,6.566773461381672e-05,0.0,0.0,0,0,False,6.2549126268941615,5.422634679478928,-6.2549126268941615,6.233767190581847,27.11317339739464,5,1,False,True,0.0,0.0,74.13065673790373,0.0,0.0,0,0,212.19021606445312,33.61858138598981,104.53865814208984,False,5.241874565447844,4.409136346268648,-5.241874565447844,5.22245435978944,22.045681731343237,5,1,781910.0861952389,-122706.52083331079,904616.6070285497,6000,780,40260732,144,50260732,spatiotemporal expert joint forecast head,100,native-center constraint witnesses plus uniform core,,False,56,139,22,406,140,16,311,0,0,0,0,0,0,41,21,175,34,18,222
8,2013-04-07T01:00:00.000000000,Joint-CLDM,Initial-200,True,2026-07-27T10:22:05.112551+00:00,0.0001,189.58217000961304,980334.1355271614,2,1.0,201.54892738999843,1.0,3.3378610169165768e-06,3.337860422243466e-06,3.3378607895429013e-06,3.3378607895429013e-06,0.8584,33.37881579373898,0.7006683334881253,5.261365196752152,12.897330840877393,0.8492,"simultaneous generation, line-flow, and ramping feasibility; power balance is reported separately as a numerical identity","[0.8390130834961985,0.8588507534653954]",4246,1.0,0.0,0.0,0.0,0.0,0.9294,20.84686319924706,0.23894483386431767,0.8261792094091556,6.727605660579315,969452.3833970373,970625.7437240072,939763.27711136,994854.2471537198,17072.012254722486,5000,725.3099660873424,True,0.0,0.0,8.855590843049868e-05,0.0,0.0,0,0,True,0.0,0.0,1.0682679575147276,0.0,0.0,0,0,True,True,0.0,0.0,73.84405227078796,0.0,0.0,0,0,52.19301223754883,14.643692531835583,30.221250534057617,True,0.0,0.0,2.7499587945492188,0.0,0.0,0,0,966999.9120361169,-13334.223491044017,980334.135527161,,,,,,Joint CLDM distribution expert,,native-center direct paired random 200,20260733,False,,,,,,,,,,,,,,,,,,,
8,2013-04-07T01:00:00.000000000,Joint-CLDM,Witness-200,True,2026-07-27T10:25:11.290069+00:00,0.0001,173.6914918422699,982424.2687568293,2,1.0,185.59657284299828,1.0,3.3378676107531646e-06,3.337860793544678e-06,3.3378628359059803e-06,3.337864200148033e-06,0.9952,10.624141255709937,0.006417902923099423,0.0,0.0,0.9946,"simultaneous generation, line-flow, and ramping feasibility; power balance is reported separately as a numerical identity","[0.9921545307177468,0.9962860585182338]",4973,1.0,0.0,0.0,0.0,0.0,0.9986,2.7667670010163086,0.001138336856504976,0.0,0.0,971752.0888183048,972936.0370572578,942516.0972113485,996757.6773184584,16808.971615816685,5000,725.309966087339,True,0.0,0.0,8.855590843049868e-05,0.0,0.0,0,0,True,0.0,0.0,1.1476669587745576,0.0,0.0,0,0,True,True,0.0,0.0,74.00285027219562,0.0,0.0,0,0,52.19301223754883,9.003772064837012,30.221250534057617,True,0.0,0.0,3.5565503160278453,0.0,0.0,0,0,969410.3005627975,-13013.968194031506,982424.268756829,6000,912,40260733,143,50260733,Joint CLDM distribution expert,100,native-center constraint witnesses plus uniform core,,False,57,129,23,661,54,17,216,0,0,0,0,0,0,40,22,331,29,17,143
8,2013-04-07T01:00:00.000000000,STDE-CDM,Initial-200,True,2026-07-27T10:28:43.968358+00:00,0.0001,200.45556592941284,972847.895740118,2,1.0,212.2872281029995,1.0,9.05990623323305e-06,9.059905590584095e-06,9.0599057784857e-06,9.059906005859375e-06,0.8638,32.97084829921828,0.6533854797682671,4.782898495961006,12.581107231730224,0.8566,"simultaneous generation, line-flow, and ramping feasibility; power balance is reported separately as a numerical identity","[0.8466114693562892,0.8660410056165184]",4283,1.0,0.0,0.0,0.0,0.0,0.9428,20.160342258123983,0.17572786834416557,0.4048222808789159,5.266194861359848,966784.4296398682,967486.8243125282,938943.3368965546,991554.6283463669,16147.008960727928,5000,786.3789501190197,True,0.0,0.0,8.664856002505986e-05,0.0,0.0,0,0,True,0.0,0.0,1.0475704320227912,0.0,0.0,0,0,True,True,0.0,0.0,73.80265724310158,0.0,0.0,0,0,58.83515930175781,17.149128269405665,32.76578903198242,True,0.0,0.0,2.03694498913363,0.0,0.0,0,0,966947.8687458772,-5900.026994240587,972847.8957401178,,,,,,spatiotemporal expert joint forecast head,,native-center direct paired random 200,20260733,False,,,,,,,,,,,,,,,,,,,
8,2013-04-07T01:00:00.000000000,STDE-CDM,Witness-200,True,2026-07-27T10:31:56.061537+00:00,0.0001,179.54665398597717,974830.8934379172,2,1.0,191.52037282700257,1.0,9.059910098585533e-06,9.059905558342507e-06,9.059907824848779e-06,9.05990873434348e-06,0.9956,6.2630648508486075,0.005332882091514169,0.0,0.0,0.9956,"simultaneous generation, line-flow, and ramping feasibility; power balance is reported separately as a numerical identity","[0.9933466185851141,0.9970924352469765]",4978,1.0,0.0,0.0,0.0,0.0,0.999,3.5190322671245333,0.0012115675764646653,0.0,0.0,968840.5632505966,969553.0594751688,941366.5028659976,993301.0045317834,15939.284528428074,5000,786.3789501190173,True,0.0,0.0,8.664855934293883e-05,0.0,0.0,0,0,True,0.0,0.0,1.1297953629623443,0.0,0.0,0,0,True,True,0.0,0.0,73.96710718784718,0.0,0.0,0,0,58.83515930175781,12.296677408843738,32.76578903198242,True,0.0,0.0,3.7341837390798425,0.0,0.0,0,0,968944.876073834,-5886.017364082858,974830.8934379169,6000,881,40260733,148,50260733,spatiotemporal expert joint forecast head,100,native-center constraint witnesses plus uniform core,,False,52,116,22,650,50,15,214,0,0,0,0,0,0,30,18,273,23,14,102
9,2012-01-28T01:00:00.000000000,Joint-CLDM,Initial-200,True,2026-07-27T10:35:28.324896+00:00,0.0001,189.4356050491333,802097.8404789739,2,1.0,200.9905298800004,1.0,1.4305115200841101e-05,1.4305114915032391e-05,1.4305115200841101e-05,1.4305115200841101e-05,0.9042,32.055847074491844,0.36552714688901705,2.1177496282204147,9.28128017655266,0.8986,"simultaneous generation, line-flow, and ramping feasibility; power balance is reported separately as a numerical identity","[0.8899246967699331,0.9066632912394922]",4493,1.0,0.0,0.0,0.0,0.0,0.9654,17.923963907192284,0.0835331431764903,0.0,2.866519973728456,802332.4832608243,801341.7060653098,774054.5726253426,834101.4372619519,18536.058089628477,5000,755.1049900054913,True,0.0,0.0,7.329711891325133e-05,0.0,0.0,0,0,True,0.0,0.0,1.1828386896635372,0.0,0.0,0,0,True,True,0.0,0.0,74.0731975328136,0.0,0.0,0,0,68.85790252685547,11.556323498437875,31.46270751953125,True,0.0,0.0,6.219912430755553,0.0,0.0,0,0,791150.8152750593,-10947.025203914265,802097.8404789736,,,,,,Joint CLDM distribution expert,,native-center direct paired random 200,20260734,False,,,,,,,,,,,,,,,,,,,
9,2012-01-28T01:00:00.000000000,Joint-CLDM,Witness-200,True,2026-07-27T10:38:48.293322+00:00,0.0001,187.88130712509155,804204.691502647,2,1.0,199.39305085000524,1.0,1.4305115200841101e-05,1.4305114803028118e-05,1.4305114973467425e-05,1.4305114973467425e-05,0.9942,7.472907948846402,0.006982341392310057,0.0,0.0,0.994,"simultaneous generation, line-flow, and ramping feasibility; power balance is reported separately as a numerical identity","[0.9914476466388429,0.9957938638394717]",4970,1.0,0.0,0.0,0.0,0.0,0.9984,1.674525628812102,0.0009864600995409915,0.0,0.0,804480.28054545,803500.3955890262,776129.3032608046,836348.3210655618,18623.167234838726,5000,755.1049900056607,True,0.0,0.0,7.3297119140625e-05,0.0,0.0,0,0,True,0.0,0.0,1.2138804177236935,0.0,0.0,0,0,True,True,0.0,0.0,84.84081676418654,0.0,0.0,0,0,68.85790252685547,8.550808755931865,31.46270751953125,True,0.0,0.0,4.089190430902661,0.0,0.0,0,0,792823.5539587762,-11381.137543870485,804204.6915026467,6000,653,40260734,155,50260734,Joint CLDM distribution expert,100,native-center constraint witnesses plus uniform core,,False,45,127,18,263,149,19,363,0,0,0,0,0,0,24,16,128,27,11,101
9,2012-01-28T01:00:00.000000000,STDE-CDM,Initial-200,True,2026-07-27T10:42:16.459018+00:00,0.0001,196.34868502616882,825239.5223801099,2,1.0,207.77118224400328,1.0,1.4305116565083154e-05,1.4305114506942119e-05,1.4305114973467425e-05,1.4305115428214776e-05,0.9104,27.767371148295858,0.27716060127883463,1.4841775675052213,6.824292292085638,0.9058,"simultaneous generation, line-flow, and ramping feasibility; power balance is reported separately as a numerical identity","[0.8973889439953973,0.9135879891060199]",4529,1.0,0.0,0.0,0.0,0.0,0.9702,12.514913271824465,0.04759960686729314,0.0,1.8054257899959025,807780.0747743407,807170.7485107293,779792.3883565742,838015.3300940754,17990.781363143094,5000,946.5617361068716,True,0.0,0.0,6.94824227844947e-05,0.0,0.0,0,0,True,0.0,0.0,1.1759625010265466,0.0,0.0,0,0,True,True,0.0,0.0,74.05944208364414,0.0,0.0,0,0,92.72259521484375,14.544114687268346,39.4400749206543,True,0.0,0.0,4.618687665772603,0.0,0.0,0,0,790842.2469099109,-34397.275470198714,825239.5223801096,,,,,,spatiotemporal expert joint forecast head,,native-center direct paired random 200,20260734,False,,,,,,,,,,,,,,,,,,,
9,2012-01-28T01:00:00.000000000,STDE-CDM,Witness-200,True,2026-07-27T10:45:42.637638+00:00,0.0001,194.07074213027954,827008.8849627011,2,1.0,205.61451081599807,1.0,1.4305114973467425e-05,1.4305114728495028e-05,1.4305114973467425e-05,1.4305114973467425e-05,0.9894,5.756283821489912,0.014169008703283857,0.0,0.11886571102118786,0.9882,"simultaneous generation, line-flow, and ramping feasibility; power balance is reported separately as a numerical identity","[0.9848098377436302,0.9908405780772466]",4941,1.0,0.0,0.0,0.0,0.0,0.9922,2.092827033483694,0.0056591489019067725,0.0,0.0,809458.2896488875,808814.073733015,781315.7902865437,839924.789250243,18094.44901622717,5000,946.5617361054507,True,0.0,0.0,6.9482421875e-05,0.0,0.0,0,0,True,0.0,0.0,1.2085696848863883,0.0,0.0,0,0,True,True,0.0,0.0,84.69033631419705,0.0,0.0,0,0,92.72259521484375,11.034616803940677,39.4400749206543,True,0.0,0.0,1.9853785876052683,0.0,0.0,0,0,792049.261992249,-34959.62297045172,827008.8849627008,6000,621,40260734,156,50260734,spatiotemporal expert joint forecast head,100,native-center constraint witnesses plus uniform core,,False,44,109,15,278,144,19,325,0,0,0,0,0,0,24,14,119,23,10,76
10,2012-02-10T01:00:00.000000000,Joint-CLDM,Initial-200,True,2026-07-27T10:49:17.964607+00:00,0.0001,192.19328498840332,784882.0609033195,2,1.0,204.06206386399572,1.0,2.2888185867486754e-05,2.2888183532154472e-05,2.2888184503244702e-05,2.2888184957992053e-05,0.9132,12.844817882019264,0.213246461145855,1.514817018308765,5.225565743256577,0.9086,"simultaneous generation, line-flow, and ramping feasibility; power balance is reported separately as a numerical identity","[0.9002955095499389,0.916277124420586]",4543,1.0,0.0,0.0,0.0,0.0,0.9732,9.602498310581694,0.046298531675354554,0.0,1.720999835729108,784584.1979617669,784470.9040510515,750607.3737536446,819702.6638144223,20964.030343041628,5000,790.4468402862562,True,0.0,0.0,7.329711891325133e-05,0.0,0.0,0,0,True,0.0,0.0,1.2197072631241852,0.0,0.0,0,0,True,True,0.0,0.0,77.44048124667341,0.0,0.0,0,0,89.51238250732422,12.300275430832315,32.93528747558594,True,0.0,0.0,5.929138364703263,0.0,0.0,0,0,807533.0788413454,22651.01793802646,784882.0609033189,,,,,,Joint CLDM distribution expert,,native-center direct paired random 200,20260735,False,,,,,,,,,,,,,,,,,,,
10,2012-02-10T01:00:00.000000000,Joint-CLDM,Witness-200,True,2026-07-27T10:52:41.737959+00:00,0.0001,191.46805000305176,787776.7308120911,2,1.0,203.1944833669986,1.0,2.2888183821123675e-05,2.288818355557396e-05,2.288818359375e-05,2.2888183707436838e-05,0.9982,2.9824857173358197,0.002316789012076766,0.0,0.0,0.9982,"simultaneous generation, line-flow, and ramping feasibility; power balance is reported separately as a numerical identity","[0.9965823552896695,0.9990527064923067]",4991,1.0,0.0,0.0,0.0,0.0,0.9992,1.4448667146955678,0.0006966811047932396,0.0,0.0,787477.7028207503,787402.0528730259,753558.8938974888,822555.460618957,20941.22847387323,5000,790.4468402862882,True,0.0,0.0,7.3297119140625e-05,0.0,0.0,0,0,True,0.0,0.0,1.2937849649159574,0.0,0.0,0,0,True,True,0.0,0.0,81.85865681223247,0.0,0.0,0,0,89.51238250732422,10.642545811045032,32.93528747558594,True,0.0,0.0,7.49067949733157,0.0,0.0,0,0,810496.7993153764,22720.068503285525,787776.7308120909,6000,606,40260735,150,50260735,Joint CLDM distribution expert,100,native-center constraint witnesses plus uniform core,,False,50,162,20,262,149,18,326,0,0,0,0,0,0,51,22,162,27,13,47
10,2012-02-10T01:00:00.000000000,STDE-CDM,Initial-200,True,2026-07-27T10:55:55.252122+00:00,0.0001,181.46610498428345,799710.9609630257,2,1.0,193.1320352430048,1.0,2.0980835188311175e-05,2.0980834726196918e-05,2.09808349609375e-05,2.09808349609375e-05,0.9116,14.655490198714062,0.21587123935663655,1.3718657516610913,5.1029680887314814,0.907,"simultaneous generation, line-flow, and ramping feasibility; power balance is reported separately as a numerical identity","[0.8986343437897742,0.9147407468269749]",4535,1.0,0.0,0.0,0.0,0.0,0.9788,10.142179636174042,0.03047501804010839,0.0,1.001938021326025,794839.4882764922,794811.3800260017,763109.2628827993,827336.005107443,19275.768831654947,5000,660.7864360809325,True,0.0,0.0,6.566772483674868e-05,0.0,0.0,0,0,True,0.0,0.0,1.2027978530954506,0.0,0.0,0,0,True,True,0.0,0.0,76.07544237082269,0.0,0.0,0,0,63.68069076538086,12.91806751351157,27.53276824951172,True,0.0,0.0,5.607046420630532,0.0,0.0,0,0,806980.7460802321,7269.785117206862,799710.9609630252,,,,,,spatiotemporal expert joint forecast head,,native-center direct paired random 200,20260735,False,,,,,,,,,,,,,,,,,,,
10,2012-02-10T01:00:00.000000000,STDE-CDM,Witness-200,True,2026-07-27T10:59:21.453901+00:00,0.0001,193.75509595870972,802191.164467573,2,1.0,205.6555605090034,1.0,2.098083746204793e-05,2.0980834465717634e-05,2.0980835870432202e-05,2.0980836325179553e-05,0.9984,4.075171670394489,0.0021524584977584164,0.0,0.0,0.9982,"simultaneous generation, line-flow, and ramping feasibility; power balance is reported separately as a numerical identity","[0.9965823552896695,0.9990527064923067]",4991,1.0,0.0,0.0,0.0,0.0,0.9992,2.322840992160863,0.0010589462779056176,0.0,0.0,797273.9512865833,797211.4721120017,765470.4918228013,829857.7113873269,19331.119585471406,5000,660.7864360809305,True,0.0,0.0,6.566772347250663e-05,0.0,0.0,0,0,True,0.0,0.0,1.2826242971316546,0.0,0.0,0,0,True,True,0.0,0.0,82.00908749760863,0.0,0.0,0,0,63.68069076538086,8.160560593546865,27.53276824951172,True,0.0,0.0,7.588062110761651,0.0,0.0,0,0,809599.8733038376,7408.708836264908,802191.1644675727,6000,598,40260735,154,50260735,spatiotemporal expert joint forecast head,100,native-center constraint witnesses plus uniform core,,False,46,147,20,269,141,17,311,0,0,0,0,0,0,40,18,96,23,11,50
11,2012-12-26T01:00:00.000000000,Joint-CLDM,Initial-200,True,2026-07-27T11:02:58.210586+00:00,0.0001,193.76738786697388,1020161.4463823268,2,1.0,205.43349484600185,1.0,2.8610236313397763e-06,2.861022848810535e-06,2.8610231765924254e-06,2.861023403966101e-06,0.9178,37.07790002769104,0.4283239841918784,2.1128324443326036,11.406075300607014,0.9092,"simultaneous generation, line-flow, and ramping feasibility; power balance is reported separately as a numerical identity","[0.9009186362298026,0.9168530764983883]",4546,1.0,0.0,0.0,0.0,0.0,0.959,18.93832829763964,0.12551867108853063,0.0,4.080968080579021,1006103.3000076304,1007904.9895199648,978898.4403115119,1026142.1937321847,14510.268012388911,5000,898.2451820373492,True,0.0,0.0,9.237060524137633e-05,0.0,0.0,0,0,True,0.0,0.0,1.0383922295604222,0.0,0.0,0,0,True,True,0.0,0.0,73.78430081274132,0.0,0.0,0,0,76.36708068847656,21.195382881250968,37.426883697509766,True,0.0,0.0,1.0383923223471143,0.0,0.0,0,0,977207.9530205443,-42953.49336178193,1020161.4463823262,,,,,,Joint CLDM distribution expert,,native-center direct paired random 200,20260736,False,,,,,,,,,,,,,,,,,,,
11,2012-12-26T01:00:00.000000000,Joint-CLDM,Witness-200,True,2026-07-27T11:06:11.299390+00:00,0.0001,180.9306378364563,1021672.7294662923,2,1.0,192.50939506600116,1.0,2.8610238587134518e-06,2.8610228791421833e-06,2.861023403966101e-06,2.861023403966101e-06,0.9966,8.530308740807573,0.009492274866020115,0.0,0.0,0.9964,"simultaneous generation, line-flow, and ramping feasibility; power balance is reported separately as a numerical identity","[0.9943162662634123,0.997721559245566]",4982,1.0,0.0,0.0,0.0,0.0,0.9988,4.48402739939705,0.0026456526988821913,0.0,0.0,1007772.1681732319,1009572.356069613,980920.3106960959,1027552.0430051523,14319.321723870884,5000,898.2451820373115,True,0.0,0.0,9.23705665878515e-05,0.0,0.0,0,0,True,0.0,0.0,1.1073100221539036,0.0,0.0,0,0,True,True,0.0,0.0,73.92213639952035,0.0,0.0,0,0,76.36708068847656,12.028466461049511,37.426883697509766,True,0.0,0.0,3.061899663546093,0.0,0.0,0,0,979208.2986629757,-42464.43080331618,1021672.7294662918,6000,495,40260736,153,50260736,Joint CLDM distribution expert,100,native-center constraint witnesses plus uniform core,,False,47,110,17,376,35,12,73,0,0,0,0,0,0,36,19,135,37,20,130
11,2012-12-26T01:00:00.000000000,STDE-CDM,Initial-200,True,2026-07-27T11:09:27.821995+00:00,0.0001,184.61567902565002,1010179.7850751312,2,1.0,196.128047254002,1.0,7.152558055167901e-06,7.152557557537875e-06,7.152557827794226e-06,7.152557827794226e-06,0.9206,36.32845141964329,0.3880670783097013,1.9916908084266536,10.098062749802175,0.9146,"simultaneous generation, line-flow, and ramping feasibility; power balance is reported separately as a numerical identity","[0.9065316087730079,0.9220318127741768]",4573,1.0,0.0,0.0,0.0,0.0,0.9638,14.308795684860357,0.10521999384754692,0.0,3.5812836297420345,1002904.8150750211,1004468.8585405406,976750.4181849667,1023471.292362521,14391.725487409394,5000,792.7093265056619,True,0.0,0.0,9.046325672225067e-05,0.0,0.0,0,0,True,0.0,0.0,1.0230678209454283,0.0,0.0,0,0,True,True,0.0,0.0,73.7536520392369,0.0,0.0,0,0,73.06431579589844,24.810482540351018,33.0295524597168,True,0.0,0.0,1.0230722548839672,0.0,0.0,0,0,976862.2125929495,-33317.57248218125,1010179.7850751308,,,,,,spatiotemporal expert joint forecast head,,native-center direct paired random 200,20260736,False,,,,,,,,,,,,,,,,,,,
11,2012-12-26T01:00:00.000000000,STDE-CDM,Witness-200,True,2026-07-27T11:12:55.891852+00:00,0.0001,195.82525300979614,1011600.3709152954,2,1.0,207.49413360399922,1.0,7.152558055167901e-06,7.152557613244426e-06,7.152557827794226e-06,7.152558055167901e-06,0.9948,14.759430388139283,0.008238231467681453,0.0,0.0,0.9942,"simultaneous generation, line-flow, and ramping feasibility; power balance is reported separately as a numerical identity","[0.9916826613678198,0.9959585420297168]",4971,1.0,0.0,0.0,0.0,0.0,0.9988,1.8779060148031164,0.0012668284543597295,0.0,0.0,1004422.3322240015,1006001.5041394914,978545.1077207908,1024686.4575507373,14208.226695639158,5000,792.7093265056604,True,0.0,0.0,9.046325660856383e-05,0.0,0.0,0,0,True,0.0,0.0,1.0945795499782847,0.0,0.0,0,0,True,True,0.0,0.0,73.89667559643098,0.0,0.0,0,0,73.06431579589844,14.850054290500154,33.0295524597168,True,0.0,0.0,2.754197624943661,0.0,0.0,0,0,978857.2076998239,-32743.1632154712,1011600.3709152951,6000,473,40260736,162,50260736,spatiotemporal expert joint forecast head,100,native-center constraint witnesses plus uniform core,,False,38,103,15,370,35,9,67,0,0,0,0,0,0,30,19,146,24,16,92
12,2012-02-25T01:00:00.000000000,Joint-CLDM,Initial-200,True,2026-07-27T11:16:58.511247+00:00,0.0001,219.663094997406,674247.595052033,2,1.0,231.31840396700136,1.0,3.814697822690505e-05,3.8146971767105244e-05,3.814697515736043e-05,3.814697640905251e-05,0.8852,23.242745968905012,0.35029793102969786,2.352498205379334,8.476561261730353,0.874,"simultaneous generation, line-flow, and ramping feasibility; power balance is reported separately as a numerical identity","[0.864513703031634,0.8829120559134868]",4370,1.0,0.0,0.0,0.0,0.0,0.939,10.690664150613404,0.122072611196836,0.37386985180709675,3.750884914488895,680278.0856798815,679712.6842225102,648771.0918868575,713920.7501682198,19931.96070812215,5000,956.4425258636372,True,0.0,0.0,5.4223637018913e-05,0.0,0.0,0,0,True,0.0,0.0,1.2571396880052106,0.0,0.0,0,0,True,True,0.0,0.0,79.67318207657902,0.0,0.0,0,0,87.51586151123047,12.34010605144362,39.85177230834961,True,0.0,0.0,1.7516710992192017,0.0,0.0,0,0,707752.5106631455,33504.91561111284,674247.5950520326,,,,,,Joint CLDM distribution expert,,native-center direct paired random 200,20260737,False,,,,,,,,,,,,,,,,,,,
12,2012-02-25T01:00:00.000000000,Joint-CLDM,Witness-200,True,2026-07-27T11:20:35.047204+00:00,0.0001,204.37473702430725,677282.0913513544,2,1.0,215.93070814100065,1.0,3.814697265625e-05,3.814697239031375e-05,3.8146972428876325e-05,3.814697254256316e-05,0.9974,7.356249788451642,0.00466232549256911,0.0,0.0,0.9966,"simultaneous generation, line-flow, and ramping feasibility; power balance is reported separately as a numerical identity","[0.9945614552240499,0.9978760632041505]",4983,1.0,0.0,0.0,0.0,0.0,0.9986,2.6020460065008493,0.0014547828507680016,0.0,0.0,683418.7459956595,682800.3802298787,651818.8197514074,717105.993038606,20007.808236922632,5000,956.4425258638378,True,0.0,0.0,5.422363315356052e-05,0.0,0.0,0,0,True,0.0,0.0,1.300385306214256,0.0,0.0,0,0,True,True,0.0,0.0,84.61186212902169,0.0,0.0,0,0,87.51586151123047,9.024793861881768,39.85177230834961,True,0.0,0.0,5.308058777946142,0.0,0.0,0,0,710855.1516726121,33573.06032125803,677282.091351354,6000,766,40260737,146,50260737,Joint CLDM distribution expert,100,native-center constraint witnesses plus uniform core,,False,54,141,19,274,156,20,421,0,0,0,0,0,0,52,23,196,46,17,185
12,2012-02-25T01:00:00.000000000,STDE-CDM,Initial-200,True,2026-07-27T11:24:28.495569+00:00,0.0001,221.63520097732544,662952.7899134939,2,1.0,233.06296047499927,1.0,3.051757857974735e-05,3.051757831121904e-05,3.0517578352373675e-05,3.051757857974735e-05,0.8832,21.506841728076516,0.3432039873871225,2.161815489891829,7.593894922544287,0.8714,"simultaneous generation, line-flow, and ramping feasibility; power balance is reported separately as a numerical identity","[0.8618352450064063,0.8803945059888284]",4357,1.0,0.0,0.0,0.0,0.0,0.9474,14.228528401229102,0.08997626731655305,0.07778093642758142,2.7372528714887507,679871.4710707909,679319.5322978278,651014.2865095497,710778.0310475262,18379.971124806485,5000,1155.314390182401,True,0.0,0.0,6.566772199457774e-05,0.0,0.0,0,0,True,0.0,0.0,1.0380771339569677,0.0,0.0,0,0,True,True,0.0,0.0,80.45922022529842,0.0,0.0,0,0,111.72937774658203,17.89312488900842,48.13809585571289,True,0.0,0.0,1.8142478924325367,0.0,0.0,0,0,707306.7698816024,44353.97996810882,662952.7899134936,,,,,,spatiotemporal expert joint forecast head,,native-center direct paired random 200,20260737,False,,,,,,,,,,,,,,,,,,,
12,2012-02-25T01:00:00.000000000,STDE-CDM,Witness-200,True,2026-07-27T11:28:02.260519+00:00,0.0001,201.5951268672943,665616.7537749193,2,1.0,213.20082051200006,1.0,3.051760745620413e-05,3.051758042729489e-05,3.051758858418907e-05,3.0517594498178366e-05,0.997,6.776728683890809,0.005594256273789127,0.0,0.0,0.9968,"simultaneous generation, line-flow, and ramping feasibility; power balance is reported separately as a numerical identity","[0.994807939169344,0.9980292721780785]",4984,1.0,0.0,0.0,0.0,0.0,0.9986,4.433306341806599,0.002008355928912446,0.0,0.0,682499.3186385694,681918.2362380478,653685.9054692172,713540.8973689281,18377.829208930692,5000,1155.3143901829328,True,0.0,0.0,6.566786126095395e-05,0.0,0.0,0,0,True,0.0,0.0,1.29138399284383,0.0,0.0,0,0,True,True,0.0,0.0,85.87637395085149,0.0,0.0,0,0,111.72937774658203,11.903727318216422,48.13809585571289,True,0.0,0.0,5.542496403291828,0.0,0.0,0,0,709856.7188724456,44239.965097526554,665616.7537749191,6000,798,40260737,144,50260737,spatiotemporal expert joint forecast head,100,native-center constraint witnesses plus uniform core,,False,56,138,20,306,140,20,436,0,0,0,0,0,0,52,22,203,41,16,132
13,2012-06-06T01:00:00.000000000,Joint-CLDM,Initial-200,True,2026-07-27T11:31:35.079606+00:00,0.0001,189.93665504455566,859232.694089266,2,1.0,201.53273463200458,1.0,1.4305114973467425e-05,1.4305114535773101e-05,1.430511474609375e-05,1.430511474609375e-05,0.891,17.65674339634429,0.27703568258114286,2.0453564642576265,5.944377668094199,0.886,"simultaneous generation, line-flow, and ramping feasibility; power balance is reported separately as a numerical identity","[0.8768929474149847,0.8945143866834555]",4430,1.0,0.0,0.0,0.0,0.0,0.949,11.033765998027349,0.08907131263826387,0.030808353239145624,2.7453228898282127,855566.7250811876,855972.5005131764,821791.565490577,888808.0689474668,20872.85916796052,5000,748.3907084465006,True,0.0,0.0,7.711181617887633e-05,0.0,0.0,0,0,True,0.0,0.0,0.1108761655378876,0.0,0.0,0,0,True,True,0.0,0.0,74.00623220557696,0.0,0.0,0,0,120.69438171386719,21.697302583736597,31.182947158813477,True,0.0,0.0,5.632163267580147,0.0,0.0,0,0,821652.9856695158,-37579.70841974998,859232.6940892658,,,,,,Joint CLDM distribution expert,,native-center direct paired random 200,20260738,False,,,,,,,,,,,,,,,,,,,
13,2012-06-06T01:00:00.000000000,Joint-CLDM,Witness-200,True,2026-07-27T11:35:00.527825+00:00,0.0001,193.30630707740784,861941.3926632237,2,1.0,204.87441016999946,1.0,1.4305114973467425e-05,1.4305114646094807e-05,1.430511474609375e-05,1.4305114973467425e-05,0.9978,4.405171345424822,0.002277729844407937,0.0,0.0,0.9974,"simultaneous generation, line-flow, and ramping feasibility; power balance is reported separately as a numerical identity","[0.9955564171049373,0.9984798730001511]",4987,1.0,0.0,0.0,0.0,0.0,0.9992,1.7753815915112092,0.0007058307799451356,0.0,0.0,858289.0489821462,858695.0910168418,824777.9271405087,891330.7123699854,20726.92094819495,5000,748.3907084465027,True,0.0,0.0,7.711181617887633e-05,0.0,0.0,0,0,True,0.0,0.0,1.2224664678820503,0.0,0.0,0,0,True,True,0.0,0.0,74.88860328897937,0.0,0.0,0,0,120.69438171386719,14.629463030765914,31.182947158813477,True,0.0,0.0,8.016928448898742,0.0,0.0,0,0,824502.6714652787,-37438.721197944484,861941.3926632232,6000,666,40260738,150,50260738,Joint CLDM distribution expert,100,native-center constraint witnesses plus uniform core,,False,50,157,16,441,124,20,206,0,0,0,0,0,0,29,13,113,30,17,216
13,2012-06-06T01:00:00.000000000,STDE-CDM,Initial-200,True,2026-07-27T11:38:58.284632+00:00,0.0001,225.91034507751465,827581.1546048399,2,1.0,237.36275038199528,1.0,2.2888282728672493e-05,2.288816279740331e-05,2.2888219746164395e-05,2.2888243167926704e-05,0.8934,16.2814648317578,0.25532019836575,1.882591497194756,5.401313078150908,0.8874,"simultaneous generation, line-flow, and ramping feasibility; power balance is reported separately as a numerical identity","[0.8783391350915384,0.8958660494414556]",4437,1.0,0.0,0.0,0.0,0.0,0.9548,6.91023871487203,0.05928327366628837,0.0,1.9098186263320769,845643.1900784362,845774.8826629192,813068.3596753489,878442.5960619585,20230.00170826344,5000,721.136892318671,True,0.0,0.0,6.948242915095762e-05,0.0,0.0,0,0,True,0.0,0.0,1.1207553071114376,0.0,0.0,0,0,True,True,0.0,0.0,74.40813313289202,0.0,0.0,0,0,85.0013427734375,15.59138708068225,30.0473690032959,True,0.0,0.0,3.0193224457637093,0.0,0.0,0,0,821453.1652068354,-6127.9893980040215,827581.1546048394,,,,,,spatiotemporal expert joint forecast head,,native-center direct paired random 200,20260738,False,,,,,,,,,,,,,,,,,,,
13,2012-06-06T01:00:00.000000000,STDE-CDM,Witness-200,True,2026-07-27T11:42:45.059573+00:00,0.0001,214.64829301834106,830141.4410679226,2,1.0,226.2011051849986,1.0,2.2888189846526075e-05,2.288818198151148e-05,2.2888185753799917e-05,2.2888187231728807e-05,0.9986,2.941102476383981,0.001785959158881166,0.0,0.0,0.9982,"simultaneous generation, line-flow, and ramping feasibility; power balance is reported separately as a numerical identity","[0.9965823552896695,0.9990527064923067]",4991,1.0,0.0,0.0,0.0,0.0,0.9994,1.4222317269343598,0.0005815024580369219,0.0,0.0,848060.456722397,848195.1183796118,815681.6075828345,880671.8671914933,20122.58984420742,5000,721.1368923188497,True,0.0,0.0,6.948242369398941e-05,0.0,0.0,0,0,True,0.0,0.0,1.1994693195878838,0.0,0.0,0,0,True,True,0.0,0.0,74.84260780050406,0.0,0.0,0,0,85.0013427734375,10.894185893268144,30.0473690032959,True,0.0,0.0,6.840438043315338,0.0,0.0,0,0,823817.6798580997,-6323.7612098227255,830141.4410679224,6000,664,40260738,145,50260738,spatiotemporal expert joint forecast head,100,native-center constraint witnesses plus uniform core,,False,55,147,19,431,118,21,206,0,0,0,0,0,0,29,15,102,25,16,176
14,2012-07-12T01:00:00.000000000,Joint-CLDM,Initial-200,True,2026-07-27T11:46:25.201541+00:00,0.0001,197.166198015213,806782.0687886339,2,1.0,208.8359611909982,1.0,1.3321639926289208e-05,1.3321638244633505e-05,1.3321638789420831e-05,1.3321639016794506e-05,0.8954,22.78861901772339,0.32421165213521297,2.12793369422958,7.138708572864269,0.8924,"simultaneous generation, line-flow, and ramping feasibility; power balance is reported separately as a numerical identity","[0.8835076415055677,0.900689866007976]",4462,1.0,0.0,0.0,0.0,0.0,0.9748,14.664408215521966,0.07027185042564979,0.0,2.1853984977688388,805206.8023260444,804345.2689859169,774652.2453049842,837418.85426096,19164.738708411416,5000,832.3788089752143,True,0.0,0.0,6.948242232974736e-05,0.0,0.0,0,0,True,0.0,0.0,1.170125201671592,0.0,0.0,0,0,True,True,0.0,0.0,74.78391956599776,0.0,0.0,0,0,106.09187316894531,15.831960026127618,34.68244934082031,True,0.0,0.0,7.687723779163926,0.0,0.0,0,0,816990.5253197702,10208.456531136762,806782.0687886334,,,,,,Joint CLDM distribution expert,,native-center direct paired random 200,20260739,False,,,,,,,,,,,,,,,,,,,
14,2012-07-12T01:00:00.000000000,Joint-CLDM,Witness-200,True,2026-07-27T11:49:31.998399+00:00,0.0001,174.5299620628357,809367.6528140183,2,1.0,186.18934548499965,1.0,1.3321660162546323e-05,1.3321637984927293e-05,1.3321645610631094e-05,1.3321648341388936e-05,0.9936,5.8658765853243935,0.009386098213789662,0.0,0.0,0.9926,"simultaneous generation, line-flow, and ramping feasibility; power balance is reported separately as a numerical identity","[0.9898172578006668,0.994626402243094]",4963,1.0,0.0,0.0,0.0,0.0,0.9978,4.251292634988435,0.003179440313695558,0.0,0.0,807851.1949923057,806918.4280822773,777533.2882102513,840094.5278665839,19124.906992292217,5000,832.3788089752554,True,0.0,0.0,6.948242915095762e-05,0.0,0.0,0,0,True,0.0,0.0,1.2269889325886325,0.0,0.0,0,0,True,True,0.0,0.0,85.41304258401685,0.0,0.0,0,0,106.09187316894531,13.516602607570553,34.68244934082031,True,0.0,0.0,7.5929553699467185,0.0,0.0,0,0,819839.7119017575,10472.059087739675,809367.6528140178,6000,737,40260739,150,50260739,Joint CLDM distribution expert,100,native-center constraint witnesses plus uniform core,,False,50,155,18,493,101,14,235,0,0,0,0,0,0,44,19,155,28,12,44
14,2012-07-12T01:00:00.000000000,STDE-CDM,Initial-200,True,2026-07-27T11:52:57.903914+00:00,0.0001,193.97862911224365,803923.0033196587,2,1.0,205.51629962800507,1.0,2.1219253994786413e-05,2.121925371952784e-05,2.1219253994786413e-05,2.1219253994786413e-05,0.8956,25.882611196313597,0.28310192156452885,1.7434200274305791,6.138165949652771,0.8918,"simultaneous generation, line-flow, and ramping feasibility; power balance is reported separately as a numerical identity","[0.8828871210480136,0.9001113077078642]",4459,1.0,0.0,0.0,0.0,0.0,0.9724,9.7333330294442,0.04536408424254504,0.0,1.4760056859759956,797366.2540004145,796885.6073527788,767420.1374757648,828772.743680899,18633.827559461748,5000,741.2499275207524,True,0.0,0.0,7.711181595150265e-05,0.0,0.0,0,0,True,0.0,0.0,1.1730835029689395,0.0,0.0,0,0,True,True,0.0,0.0,77.25321352151889,0.0,0.0,0,0,79.00077819824219,11.44605813195256,30.885412216186523,True,0.0,0.0,5.227598863275034,0.0,0.0,0,0,816960.4181294367,13037.414809778333,803923.0033196583,,,,,,spatiotemporal expert joint forecast head,,native-center direct paired random 200,20260739,False,,,,,,,,,,,,,,,,,,,
14,2012-07-12T01:00:00.000000000,STDE-CDM,Witness-200,True,2026-07-27T11:56:08.828095+00:00,0.0001,178.61216592788696,806479.9128162062,2,1.0,190.32486267799686,1.0,2.121926013387565e-05,2.121925324181575e-05,2.1219255359028466e-05,2.121925672327052e-05,0.9946,7.207302449050474,0.00847173140527032,0.0,0.0,0.994,"simultaneous generation, line-flow, and ramping feasibility; power balance is reported separately as a numerical identity","[0.9914476466388429,0.9957938638394717]",4970,1.0,0.0,0.0,0.0,0.0,0.9986,3.401522823241006,0.0016284902882657973,0.0,0.0,799884.4463605902,799357.0033186878,769874.9345355768,831409.7929475816,18631.778709135433,5000,741.2499275198664,True,0.0,0.0,7.711176195025474e-05,0.0,0.0,0,0,True,0.0,0.0,1.2314789276572569,0.0,0.0,0,0,True,True,0.0,0.0,85.23766914840506,0.0,0.0,0,0,79.00077819824219,9.834299972680832,30.885412216186523,True,0.0,0.0,6.134723264352566,0.0,0.0,0,0,819663.4088519,13183.496035694028,806479.912816206,6000,727,40260739,145,50260739,spatiotemporal expert joint forecast head,100,native-center constraint witnesses plus uniform core,,False,55,152,20,494,110,14,209,0,0,0,0,0,0,39,20,138,33,17,72
15,2012-06-19T01:00:00.000000000,Joint-CLDM,Initial-200,True,2026-07-27T12:00:04.930186+00:00,0.0001,213.21201419830322,710630.3031063803,2,1.0,224.81393203799962,1.0,3.051757857974735e-05,3.05175779185447e-05,3.0517578125e-05,3.0517578352373675e-05,0.9218,17.107316439411846,0.22626085871463625,1.0868802877109867,6.096666730116968,0.9118,"simultaneous generation, line-flow, and ramping feasibility; power balance is reported separately as a numerical identity","[0.9036200751081409,0.9193476455699361]",4559,1.0,0.0,0.0,0.0,0.0,0.9584,10.104476066030884,0.09381579589587545,0.0,3.375885019735705,713199.943791001,712398.6384196179,683373.1259675093,746287.8565045353,18975.58062312165,5000,441.67729806899956,True,0.0,0.0,5.4223632812500005e-05,0.0,0.0,0,0,True,0.0,0.0,1.1860445291878001,0.0,0.0,0,0,True,True,0.0,0.0,80.58113428156891,0.0,0.0,0,0,51.055885314941406,7.798660553940746,18.403221130371094,True,0.0,0.0,3.4968781491169647,0.0,0.0,0,0,711068.7558317457,438.45272536575794,710630.3031063799,,,,,,Joint CLDM distribution expert,,native-center direct paired random 200,20260740,False,,,,,,,,,,,,,,,,,,,
15,2012-06-19T01:00:00.000000000,Joint-CLDM,Witness-200,True,2026-07-27T12:03:18.459632+00:00,0.0001,181.37533903121948,712808.6536659971,2,1.0,192.9464647900022,1.0,3.051757857974735e-05,3.0517577982118383e-05,3.0517578125e-05,3.0517578125e-05,0.9974,8.946067250585124,0.006079751006192176,0.0,0.0,0.9968,"simultaneous generation, line-flow, and ramping feasibility; power balance is reported separately as a numerical identity","[0.994807939169344,0.9980292721780785]",4984,1.0,0.0,0.0,0.0,0.0,0.9986,4.578824642902351,0.0014264511946106033,0.0,0.0,715460.0934593987,714628.2553134388,685555.1339167196,748698.1776640412,19077.78838356044,5000,441.67729806900013,True,0.0,0.0,5.4223632812500005e-05,0.0,0.0,0,0,True,0.0,0.0,1.2197520968862854,0.0,0.0,0,0,True,True,0.0,0.0,85.72777096758908,0.0,0.0,0,0,51.055885314941406,4.8696105111548285,18.403221130371094,True,0.0,0.0,3.085391334604534,0.0,0.0,0,0,713260.3892070572,451.7355410604505,712808.6536659967,6000,521,40260740,143,50260740,Joint CLDM distribution expert,100,native-center constraint witnesses plus uniform core,,False,57,116,15,227,135,21,237,0,0,0,0,0,0,49,24,172,33,14,96
15,2012-06-19T01:00:00.000000000,STDE-CDM,Initial-200,True,2026-07-27T12:06:48.073150+00:00,0.0001,197.7874071598053,703111.1493550917,2,1.0,209.22752108399436,1.0,2.2888183821123675e-05,2.2888183407258112e-05,2.288818359375e-05,2.288818359375e-05,0.9174,19.233692145620715,0.23878645438011253,1.1353184882494844,6.770907533249928,0.908,"simultaneous generation, line-flow, and ramping feasibility; power balance is reported separately as a numerical identity","[0.8996724867489981,0.9157010684638608]",4540,1.0,0.0,0.0,0.0,0.0,0.9574,12.428230070488027,0.09514174201142589,0.0,3.223104890556996,708892.49127088,708433.8966544904,681005.6716368633,739060.952359756,17544.200470098633,5000,649.6875553131101,True,0.0,0.0,5.422363303987368e-05,0.0,0.0,0,0,True,0.0,0.0,1.1681879791992031,0.0,0.0,0,0,True,True,0.0,0.0,80.46519035745024,0.0,0.0,0,0,64.70333099365234,11.169899918843921,27.070314407348633,True,0.0,0.0,2.569939290329163,0.0,0.0,0,0,710537.2483556187,7426.099000527291,703111.1493550914,,,,,,spatiotemporal expert joint forecast head,,native-center direct paired random 200,20260740,False,,,,,,,,,,,,,,,,,,,
15,2012-06-19T01:00:00.000000000,STDE-CDM,Witness-200,True,2026-07-27T12:10:36.187226+00:00,0.0001,215.88226699829102,705081.7920991197,2,1.0,227.55479537200154,1.0,2.2888183821123675e-05,2.2888183441273214e-05,2.288818359375e-05,2.2888183821123675e-05,0.9954,13.078624235787764,0.016787440656935826,0.0,0.0,0.9944,"simultaneous generation, line-flow, and ramping feasibility; power balance is reported separately as a numerical identity","[0.9919182789550024,0.996122617361756]",4972,1.0,0.0,0.0,0.0,0.0,0.9982,7.446667849903694,0.004218403963937443,0.0,0.0,710863.0637909102,710435.6985759764,682852.2222251692,741212.6689673204,17601.179610750773,5000,649.6875553131163,True,0.0,0.0,5.4223632812500005e-05,0.0,0.0,0,0,True,0.0,0.0,1.2187397924683978,0.0,0.0,0,0,True,True,0.0,0.0,84.74922028238932,0.0,0.0,0,0,64.70333099365234,7.156709521973166,27.070314407348633,True,0.0,0.0,2.95883439635433,0.0,0.0,0,0,712447.0284499356,7365.236350816209,705081.7920991194,6000,569,40260740,144,50260740,spatiotemporal expert joint forecast head,100,native-center constraint witnesses plus uniform core,,False,56,104,14,270,120,20,262,0,0,0,0,0,0,51,25,179,26,13,89
16,2013-09-10T01:00:00.000000000,Joint-CLDM,Initial-200,True,2026-07-27T12:14:00.743519+00:00,0.0001,181.74342608451843,851059.5489385059,2,1.0,193.26836593799817,1.0,1.1444092137935513e-05,1.1444091849966752e-05,1.1444092024248675e-05,1.1444092024248675e-05,0.9116,27.71158582129314,0.29383622785751096,1.6237128096655316,7.791241202247637,0.9006,"simultaneous generation, line-flow, and ramping feasibility; power balance is reported separately as a numerical identity","[0.8919967378088591,0.9085881793927861]",4503,1.0,0.0,0.0,0.0,0.0,0.9554,11.143904072599568,0.07780454604289795,0.0,2.603132603149788,843822.7604078968,843820.0339405078,813529.1676668408,873931.1903738882,18476.643465755715,5000,969.6191172599797,True,0.0,0.0,7.329711891325133e-05,0.0,0.0,0,0,True,0.0,0.0,0.7544499878937074,0.0,0.0,0,0,True,True,0.0,0.0,74.06877083843665,0.0,0.0,0,0,93.78034973144531,20.1869494030348,40.40079879760742,True,0.0,0.0,3.6292901066540963,0.0,0.0,0,0,813231.5782808408,-37827.97065766482,851059.5489385056,,,,,,Joint CLDM distribution expert,,native-center direct paired random 200,20260741,False,,,,,,,,,,,,,,,,,,,
16,2013-09-10T01:00:00.000000000,Joint-CLDM,Witness-200,True,2026-07-27T12:17:15.906302+00:00,0.0001,183.15493202209473,853688.6906860801,2,1.0,194.58171688300354,1.0,1.1444093161117053e-05,1.1444092025340069e-05,1.1444092478996026e-05,1.1444092706369702e-05,0.9966,4.916775214961838,0.004834438377120303,0.0,0.0,0.9966,"simultaneous generation, line-flow, and ramping feasibility; power balance is reported separately as a numerical identity","[0.9945614552240499,0.9978760632041505]",4983,1.0,0.0,0.0,0.0,0.0,0.9996,3.6828486979399457,0.0008661845406352164,0.0,0.0,846461.9853419443,846447.7647779897,816136.3481709464,876668.9694460803,18492.878939395712,5000,969.6191172599749,True,0.0,0.0,7.32971182311303e-05,0.0,0.0,0,0,True,0.0,0.0,1.2235692784837013,0.0,0.0,0,0,True,True,0.0,0.0,74.89080816554525,0.0,0.0,0,0,93.78034973144531,10.442386987253318,40.40079879760742,True,0.0,0.0,4.8659005859069815,0.0,0.0,0,0,815728.553309575,-37960.13737650495,853688.6906860799,6000,615,40260741,150,50260741,Joint CLDM distribution expert,100,native-center constraint witnesses plus uniform core,,False,50,138,20,282,140,17,294,0,0,0,0,0,0,37,21,173,33,16,146
16,2013-09-10T01:00:00.000000000,STDE-CDM,Initial-200,True,2026-07-27T12:20:41.554498+00:00,0.0001,193.90780210494995,839392.54383257,2,1.0,205.27895266599808,1.0,2.1934509504717425e-05,2.1934509280345082e-05,2.1934509504717425e-05,2.1934509504717425e-05,0.9064,21.046080428376243,0.2805451668695138,1.7423225260797839,7.115517737901812,0.8986,"simultaneous generation, line-flow, and ramping feasibility; power balance is reported separately as a numerical identity","[0.8899246967699331,0.9066632912394922]",4493,1.0,0.0,0.0,0.0,0.0,0.9622,12.661258604489397,0.07195756756807012,0.0,2.5063558673180157,835401.9890746326,835209.1134636847,809275.5981666871,862317.3964990834,16236.424013788257,5000,841.8350186349807,True,0.0,0.0,7.711181447357376e-05,0.0,0.0,0,0,False,2.953607956731755,2.560963224454653,-2.953607956731755,2.9385389583821806,10.243852897818613,4,1,False,True,0.0,0.0,73.97668408569331,0.0,0.0,0,0,87.11581420898438,21.277133502423872,35.07645797729492,True,0.0,0.0,1.1345845436349116,0.0,0.0,0,0,812432.3575433168,-26960.18628925283,839392.5438325696,,,,,,spatiotemporal expert joint forecast head,,native-center direct paired random 200,20260741,False,,,,,,,,,,,,,,,,,,,
16,2013-09-10T01:00:00.000000000,STDE-CDM,Witness-200,True,2026-07-27T12:24:20.150457+00:00,0.0001,206.48648118972778,841595.5773491941,2,1.0,218.0189490470002,1.0,2.1934509959464776e-05,2.1934509295488168e-05,2.1934509504717425e-05,2.19345097320911e-05,0.9972,5.425848490145526,0.005450806297421406,0.0,0.0,0.997,"simultaneous generation, line-flow, and ramping feasibility; power balance is reported separately as a numerical identity","[0.9950558340443003,0.9981810702223441]",4985,1.0,0.0,0.0,0.0,0.0,0.9996,4.298980770108475,0.0009200807998687892,0.0,0.0,837608.0589403048,837421.9023281708,811487.4264551166,864567.6973721746,16243.80863172472,5000,841.8350186348221,True,0.0,0.0,7.71118043554452e-05,0.0,0.0,0,0,True,0.0,0.0,1.194808786294729,0.0,0.0,0,0,True,True,0.0,0.0,74.83328683851477,0.0,0.0,0,0,87.11581420898438,11.950996159619635,35.07645797729492,True,0.0,0.0,4.061394913124822,0.0,0.0,0,0,814430.7176173965,-27164.85973179736,841595.5773491939,6000,623,40260741,148,50260741,spatiotemporal expert joint forecast head,100,native-center constraint witnesses plus uniform core,,False,52,119,18,263,128,17,325,0,0,0,0,0,0,33,17,93,28,19,174
17,2013-11-10T01:00:00.000000000,Joint-CLDM,Initial-200,True,2026-07-27T12:28:04.727330+00:00,0.0001,201.6671199798584,756960.6489567332,2,1.0,213.28477212200232,1.0,2.861022994693485e-05,2.8610229441710543e-05,2.8610229719561175e-05,2.8610229719561175e-05,0.9374,15.447964712638722,0.14989159434221877,0.5877977221503035,4.281280708779159,0.9294,"simultaneous generation, line-flow, and ramping feasibility; power balance is reported separately as a numerical identity","[0.9219652854933363,0.9361754120762756]",4647,1.0,0.0,0.0,0.0,0.0,0.9622,10.326186004214762,0.05858018284766557,0.0,2.0388969994509307,760024.28628987,758995.6797206486,726980.4281382042,794481.5212495866,20687.723748791544,5000,985.8221263885877,True,0.0,0.0,6.75750714231981e-05,0.0,0.0,0,0,True,0.0,0.0,1.2256764009506433,0.0,0.0,0,0,True,True,0.0,0.0,81.20313822603546,0.0,0.0,0,0,80.3050537109375,12.51015525238327,41.075923919677734,True,0.0,0.0,2.271086990961642,0.0,0.0,0,0,801128.6127987792,44167.96384204633,756960.6489567328,,,,,,Joint CLDM distribution expert,,native-center direct paired random 200,20260742,False,,,,,,,,,,,,,,,,,,,
17,2013-11-10T01:00:00.000000000,Joint-CLDM,Witness-200,True,2026-07-27T12:31:42.472875+00:00,0.0001,205.6113109588623,759239.8774532918,2,1.0,217.15727963500103,1.0,2.8610246658899996e-05,2.8610230091840094e-05,2.8610237791326654e-05,2.8610241088244948e-05,0.9948,4.809363370915336,0.006367294968201344,0.0,0.0,0.9946,"simultaneous generation, line-flow, and ramping feasibility; power balance is reported separately as a numerical identity","[0.9921545307177468,0.9962860585182338]",4973,1.0,0.0,0.0,0.0,0.0,0.999,1.5710481675451469,0.0007245974621326482,0.0,0.0,762298.2987028462,761284.7329801257,729179.0242802383,796863.142549183,20771.190765402454,5000,985.8221263880502,True,0.0,0.0,6.757507346956118e-05,0.0,0.0,0,0,True,0.0,0.0,1.2939246495303145,0.0,0.0,0,0,True,True,0.0,0.0,87.68427256628742,0.0,0.0,0,0,80.3050537109375,8.449260864083698,41.075923919677734,True,0.0,0.0,5.429659191128369,0.0,0.0,0,0,803314.159630034,44074.28217674268,759239.8774532913,6000,452,40260742,156,50260742,Joint CLDM distribution expert,100,native-center constraint witnesses plus uniform core,,False,44,129,15,130,171,22,282,0,0,0,0,0,0,24,12,52,25,13,188
17,2013-11-10T01:00:00.000000000,STDE-CDM,Initial-200,True,2026-07-27T12:35:48.918269+00:00,0.0001,234.4504611492157,735374.8650995259,2,1.0,246.06114110699855,1.0,1.907348678287235e-05,1.9073486475940625e-05,1.9073486555498675e-05,1.9073486555498675e-05,0.9308,13.460651665329337,0.16887056759048583,0.8163448722195917,4.41973916339769,0.9226,"simultaneous generation, line-flow, and ramping feasibility; power balance is reported separately as a numerical identity","[0.9148643433611728,0.9296867949548914]",4613,1.0,0.0,0.0,0.0,0.0,0.9584,9.206314064683554,0.06439368979535512,0.0,2.133608523370606,753418.7504001495,752569.8299615118,722085.7101266328,785652.635199895,19432.144905853027,5000,1419.6901664733887,True,0.0,0.0,6.185302734375e-05,0.0,0.0,0,0,True,0.0,0.0,1.1898038882576856,0.0,0.0,0,0,True,True,0.0,0.0,82.22895758685169,0.0,0.0,0,0,107.41574096679688,18.60635870846521,59.15375900268555,True,0.0,0.0,2.0190900511876464,0.0,0.0,0,0,800826.3432898531,65451.478190327645,735374.8650995254,,,,,,spatiotemporal expert joint forecast head,,native-center direct paired random 200,20260742,False,,,,,,,,,,,,,,,,,,,
17,2013-11-10T01:00:00.000000000,STDE-CDM,Witness-200,True,2026-07-27T12:39:38.790062+00:00,0.0001,217.73228478431702,737267.3068159694,2,1.0,229.294495053,1.0,1.907358614516852e-05,1.9073471997126034e-05,1.9073507473876816e-05,1.9073539538112526e-05,0.9936,5.672984415961878,0.009146650658208577,0.0,0.0,0.9936,"simultaneous generation, line-flow, and ramping feasibility; power balance is reported separately as a numerical identity","[0.9909793127483129,0.9954628118915578]",4968,1.0,0.0,0.0,0.0,0.0,0.9996,0.6091390714109153,0.00021456532288845125,0.0,0.0,755329.0682725916,754515.7524368908,724066.7618855167,787533.6384381669,19459.803302457112,5000,1419.6901664730206,True,0.0,0.0,6.185306326879072e-05,0.0,0.0,0,0,True,0.0,0.0,1.2501235625429814,0.0,0.0,0,0,True,True,0.0,0.0,85.87849412350317,0.0,0.0,0,0,107.41574096679688,12.195669162945128,59.15375900268555,True,0.0,0.0,5.258030732952575,0.0,0.0,0,0,802549.1586408891,65281.85182492004,737267.3068159691,6000,496,40260742,156,50260742,spatiotemporal expert joint forecast head,100,native-center constraint witnesses plus uniform core,,False,44,123,14,129,139,20,311,0,0,0,0,0,0,26,11,55,24,13,246
18,2013-01-17T01:00:00.000000000,Joint-CLDM,Initial-200,True,2026-07-27T12:43:10.773537+00:00,0.0001,188.90334510803223,699070.6926245407,2,1.0,200.53884298499906,1.0,2.2888188254910347e-05,2.2888183909412874e-05,2.2888185412739404e-05,2.2888186322234105e-05,0.9146,15.463440637091225,0.23134273309044087,1.3000920652518475,6.101880822446676,0.9022,"simultaneous generation, line-flow, and ramping feasibility; power balance is reported separately as a numerical identity","[0.8936551120966096,0.9101273484588117]",4511,1.0,0.0,0.0,0.0,0.0,0.9452,14.635910835982077,0.1229213515755539,0.1413504870361936,3.57017312431647,700116.7299724565,698863.793861595,668973.4962168882,734065.3887648116,19897.574290413726,5000,1381.8490791319146,True,0.0,0.0,6.566772483674868e-05,0.0,0.0,0,0,False,12.087233406298772,7.597238705978049,-12.087233406298772,12.020001508688853,106.36134188369269,14,2,False,True,0.0,0.0,62.22926772984553,0.0,0.0,0,0,219.997314453125,31.60091322142086,57.57704544067383,True,0.0,0.0,0.3049764632521921,0.0,0.0,0,0,747181.8604748738,48111.167850333615,699070.6926245402,,,,,,Joint CLDM distribution expert,,native-center direct paired random 200,20260743,False,,,,,,,,,,,,,,,,,,,
18,2013-01-17T01:00:00.000000000,Joint-CLDM,Witness-200,True,2026-07-27T12:46:45.662924+00:00,0.0001,202.68221807479858,702488.4701430482,2,1.0,214.28519526599848,1.0,2.2888186322234105e-05,2.2888183624786507e-05,2.2888184503244702e-05,2.2888185185365728e-05,0.9966,5.515684846688366,0.006458450778591785,0.0,0.0,0.9964,"simultaneous generation, line-flow, and ramping feasibility; power balance is reported separately as a numerical identity","[0.9943162662634123,0.997721559245566]",4982,1.0,0.0,0.0,0.0,0.0,0.9992,2.3158609365582343,0.0007790257107442081,0.0,0.0,703521.6959557981,702213.7458982761,672247.9920340324,737636.7287158929,19978.288836771833,5000,1381.849079132072,True,0.0,0.0,6.566772483674868e-05,0.0,0.0,0,0,True,0.0,0.0,1.2454059512985545,0.0,0.0,0,0,True,True,0.0,0.0,78.32496914746064,0.0,0.0,0,0,219.997314453125,20.80630871487498,57.57704544067383,True,0.0,0.0,3.3081676233464847,0.0,0.0,0,0,750972.2813559605,48483.81121291255,702488.470143048,6000,626,40260743,148,50260743,Joint CLDM distribution expert,100,native-center constraint witnesses plus uniform core,,False,52,151,20,248,163,16,308,0,0,0,0,0,0,32,17,245,40,18,147
18,2013-01-17T01:00:00.000000000,STDE-CDM,Initial-200,True,2026-07-27T12:50:08.342748+00:00,0.0001,190.79984998703003,698334.6191614,2,1.0,202.28281141800107,1.0,3.433227595905919e-05,3.433227553277902e-05,3.433227573168551e-05,3.433227573168551e-05,0.914,14.876103637165286,0.23191487147888956,1.374078864336586,6.172552811359317,0.8992,"simultaneous generation, line-flow, and ramping feasibility; power balance is reported separately as a numerical identity","[0.8905462023876589,0.9072408643794325]",4496,1.0,0.0,0.0,0.0,0.0,0.9436,11.41581577654135,0.10400667862706237,0.20396912196216305,3.2576697932283096,693655.8976636952,692891.099844306,664967.4757463036,725154.8500927113,18235.885217388168,5000,1502.3317966461186,True,0.0,0.0,5.803832985075133e-05,0.0,0.0,0,0,False,15.835669425200145,6.804954088517929,-15.835669425200145,15.619716216745221,170.12385221294824,25,5,False,True,0.0,0.0,58.37033845950123,0.0,0.0,0,0,250.98793029785156,37.884011151812715,62.5971565246582,False,3.4013270320058098,2.5440229178777107,-3.4013270320058098,3.3702377444677194,10.176091671510843,4,2,746651.7742208807,48317.15505948092,698334.6191613998,,,,,,spatiotemporal expert joint forecast head,,native-center direct paired random 200,20260743,False,,,,,,,,,,,,,,,,,,,
18,2013-01-17T01:00:00.000000000,STDE-CDM,Witness-200,True,2026-07-27T12:53:39.558070+00:00,0.0001,198.8569848537445,701045.9721047955,2,1.0,210.6098203520014,1.0,3.433227573168551e-05,3.433227542491295e-05,3.4332275617998675e-05,3.433227573168551e-05,0.9964,6.973811460311609,0.009288573553926727,0.0,0.0,0.9958,"simultaneous generation, line-flow, and ramping feasibility; power balance is reported separately as a numerical identity","[0.9935875211616506,0.9972512255896618]",4979,1.0,0.0,0.0,0.0,0.0,0.9988,1.386592768022119,0.0007470331163256084,0.0,0.0,696357.5255730589,695582.8238480624,667639.6488128187,727929.5093410963,18267.139369975037,5000,1502.3317966458535,True,0.0,0.0,5.8038330078125005e-05,0.0,0.0,0,0,False,0.6661731969412372,0.3717720897552384,-0.6661731969412372,0.6311676954498423,6.320125525839053,17,2,False,True,0.0,0.0,73.67821972791226,0.0,0.0,0,0,250.98793029785156,25.439852532219973,62.5971565246582,False,0.08035243520228263,0.08035243520228263,-0.08035243520228263,0.08035243520228263,0.08035243520228263,1,1,749544.0113692017,48498.03926440643,701045.9721047953,6000,643,40260743,145,50260743,spatiotemporal expert joint forecast head,100,native-center constraint witnesses plus uniform core,,False,55,144,20,283,143,18,291,0,0,0,0,0,0,37,22,225,33,13,132
19,2012-03-20T01:00:00.000000000,Joint-CLDM,Initial-200,True,2026-07-27T12:57:47.755027+00:00,0.0001,225.04196310043335,614957.2443415703,2,1.0,236.83848755399958,1.0,3.4332275617998675e-05,3.4332275229235164e-05,3.4332275390625e-05,3.4332275617998675e-05,0.9176,16.54101362678442,0.22622206380112392,1.2578087068656951,5.721002876063569,0.913,"simultaneous generation, line-flow, and ramping feasibility; power balance is reported separately as a numerical identity","[0.9048675785284555,0.9204982996649533]",4565,1.0,0.0,0.0,0.0,0.0,0.9688,8.433010723901749,0.04767781820772933,0.0,1.6076122470662415,618055.226570724,617027.0599370592,588750.6448489181,652682.5613391413,19696.986254220963,5000,681.0139961242652,True,0.0,0.0,5.803832985075133e-05,0.0,0.0,0,0,True,0.0,0.0,1.2785456400088222,0.0,0.0,0,0,True,True,0.0,0.0,94.66603698621475,0.0,0.0,0,0,65.90283203125,8.443872463743745,28.375581741333008,True,0.0,0.0,1.2785461323235445,0.0,0.0,0,0,610996.7210033666,-3960.5233382030856,614957.2443415697,,,,,,Joint CLDM distribution expert,,native-center direct paired random 200,20260744,False,,,,,,,,,,,,,,,,,,,
19,2012-03-20T01:00:00.000000000,Joint-CLDM,Witness-200,True,2026-07-27T13:01:25.230580+00:00,0.0001,205.2277479171753,618393.2292010213,2,1.0,216.8735171770022,1.0,3.4332275617998675e-05,3.433227518335116e-05,3.4332275390625e-05,3.4332275390625e-05,0.9966,3.857149734423409,0.00489519531575843,0.0,0.0,0.996,"simultaneous generation, line-flow, and ramping feasibility; power balance is reported separately as a numerical identity","[0.9938293823893419,0.9974090572811926]",4980,1.0,0.0,0.0,0.0,0.0,0.999,3.862367581747751,0.001171898584503056,0.0,0.0,621507.9882395027,620470.7073341941,592159.8310598508,656222.6273493599,19734.717056769183,5000,681.0139961244842,True,0.0,0.0,5.8038330078125005e-05,0.0,0.0,0,0,True,0.0,0.0,1.2553409399770068,0.0,0.0,0,0,True,True,0.0,0.0,94.11150727759153,0.0,0.0,0,0,65.90283203125,6.708052296243391,28.375581741333008,True,0.0,0.0,4.01555021350903,0.0,0.0,0,0,614357.8867925603,-4035.3424084604485,618393.2292010208,6000,518,40260744,149,50260744,Joint CLDM distribution expert,100,native-center constraint witnesses plus uniform core,,False,51,180,22,218,170,22,279,0,0,0,0,0,0,23,14,110,32,9,87
19,2012-03-20T01:00:00.000000000,STDE-CDM,Initial-200,True,2026-07-27T13:05:17.887933+00:00,0.0001,220.68089389801025,591670.546783478,2,1.0,232.24256910899567,1.0,4.577636957492359e-05,4.5776367427106376e-05,4.5776367983307864e-05,4.5776368438055215e-05,0.9138,13.852224656119482,0.21310698355676713,1.250321358746369,5.701656818838719,0.9078,"simultaneous generation, line-flow, and ramping feasibility; power balance is reported separately as a numerical identity","[0.899464835408431,0.9155090268852061]",4539,1.0,0.0,0.0,0.0,0.0,0.9696,7.56131880713891,0.03995938595302717,0.0,1.401250419627682,610320.8357802607,609298.327673061,583340.426903699,641216.1058776665,17715.22075236125,5000,857.0989418028978,True,0.0,0.0,6.185302143203444e-05,0.0,0.0,0,0,True,0.0,0.0,1.1586592122641832,0.0,0.0,0,0,True,True,0.0,0.0,95.0455978932885,0.0,0.0,0,0,92.21467590332031,14.465708156054557,35.71245574951172,True,0.0,0.0,1.158659932779866,0.0,0.0,0,0,610718.8174893828,19048.27070590516,591670.5467834777,,,,,,spatiotemporal expert joint forecast head,,native-center direct paired random 200,20260744,False,,,,,,,,,,,,,,,,,,,
19,2012-03-20T01:00:00.000000000,STDE-CDM,Witness-200,True,2026-07-27T13:09:12.840284+00:00,0.0001,222.68077111244202,594520.1653840062,2,1.0,234.3544277990004,1.0,4.577636730118684e-05,4.5776367161283815e-05,4.577636730118684e-05,4.577636730118684e-05,0.9956,7.793286408369632,0.008621970454832737,0.0,0.0,0.9942,"simultaneous generation, line-flow, and ramping feasibility; power balance is reported separately as a numerical identity","[0.9916826613678198,0.9959585420297168]",4971,1.0,0.0,0.0,0.0,0.0,0.996,6.381670043035719,0.00473238570576992,0.0,0.0,613026.8377980223,612052.3960740699,586169.2360406888,643818.7398613355,17648.877350893606,5000,857.0989418029786,True,0.0,0.0,6.185302734375e-05,0.0,0.0,0,0,True,0.0,0.0,1.2299526690972264,0.0,0.0,0,0,True,True,0.0,0.0,94.63117885932364,0.0,0.0,0,0,92.21467590332031,10.683029012146381,35.71245574951172,True,0.0,0.0,4.107406336306761,0.0,0.0,0,0,613171.7518263112,18651.586442305474,594520.1653840058,6000,573,40260744,154,50260744,spatiotemporal expert joint forecast head,100,native-center constraint witnesses plus uniform core,,False,46,160,22,251,155,17,292,0,0,0,0,0,0,32,14,99,22,9,92
20,2013-08-30T01:00:00.000000000,Joint-CLDM,Initial-200,True,2026-07-27T13:12:36.775091+00:00,0.0001,180.9702069759369,783882.3970655997,2,1.0,192.6140862730026,1.0,2.6702880973061838e-05,2.670288069377875e-05,2.6702880859375e-05,2.6702880859375e-05,0.9028,19.430369042508765,0.21618174504508333,1.536572636641747,5.2220516397587975,0.8864,"simultaneous generation, line-flow, and ramping feasibility; power balance is reported separately as a numerical identity","[0.8773061005445777,0.8949006193923064]",4432,1.0,0.0,0.0,0.0,0.0,0.9496,7.301652509433197,0.06993746147825435,0.0114677884687103,1.9804458976168655,780409.817825566,779593.3059648809,745604.5790587203,818607.4809283566,22343.210797615127,5000,1545.3636198043823,True,0.0,0.0,6.566772472306184e-05,0.0,0.0,0,0,False,12.567113767754385,7.382419383794902,-12.567113767754385,12.271452708822462,147.64838767589805,20,3,False,True,0.0,0.0,62.00521200091676,0.0,0.0,0,0,212.43161010742188,33.3213423302078,64.39015197753906,False,0.6836042153241628,0.6836042153241628,-0.6836042153241628,0.6836042153241628,0.6836042153241628,1,1,842565.3700124993,58682.972946900176,783882.3970655991,,,,,,Joint CLDM distribution expert,,native-center direct paired random 200,20260745,False,,,,,,,,,,,,,,,,,,,
20,2013-08-30T01:00:00.000000000,Joint-CLDM,Witness-200,True,2026-07-27T13:15:54.958658+00:00,0.0001,186.01477599143982,786924.6611511364,2,1.0,197.59565579300397,1.0,2.670288131412235e-05,2.6702880812808872e-05,2.6702881086748675e-05,2.6702881086748675e-05,0.9974,2.7547355751778753,0.002663660943071348,0.0,0.0,0.9974,"simultaneous generation, line-flow, and ramping feasibility; power balance is reported separately as a numerical identity","[0.9955564171049373,0.9984798730001511]",4987,1.0,0.0,0.0,0.0,0.0,0.9992,1.7055266967395966,0.0005770609238504221,0.0,0.0,783461.291639323,782695.1690534777,748871.6426733007,821454.9366624074,22278.761694440625,5000,1545.363619804382,True,0.0,0.0,6.5667724609375e-05,0.0,0.0,0,0,False,2.885229906575539,1.3478514136093271,-2.885229906575539,2.8130157154156916,20.217771204139908,15,2,False,True,0.0,0.0,71.53612742162949,0.0,0.0,0,0,212.43161010742188,25.30011643741897,64.39015197753906,True,0.0,0.0,3.7101652250258788,0.0,0.0,0,0,845971.1450673086,59046.48391617241,786924.6611511362,6000,708,40260745,142,50260745,Joint CLDM distribution expert,100,native-center constraint witnesses plus uniform core,,False,58,171,21,332,154,22,285,0,0,0,0,0,0,30,19,126,40,17,236
20,2013-08-30T01:00:00.000000000,STDE-CDM,Initial-200,True,2026-07-27T13:19:26.135193+00:00,0.0001,199.2907359600067,783797.4991592537,2,1.0,210.7881148239976,1.0,2.288818416218419e-05,2.2888183730697165e-05,2.2888183934810513e-05,2.2888183934810513e-05,0.9044,17.053270211689263,0.18456693242078717,1.2406671824505047,4.468768315691822,0.8914,"simultaneous generation, line-flow, and ramping feasibility; power balance is reported separately as a numerical identity","[0.8824734868800698,0.8997255560373639]",4457,1.0,0.0,0.0,0.0,0.0,0.9524,6.427020474215613,0.06457753852259987,0.0,1.9531915195394327,779244.2453655262,778773.846822919,747827.5096003948,813037.8118430725,20295.184125405427,5000,1575.7878913879545,True,0.0,0.0,7.329711902693817e-05,0.0,0.0,0,0,False,16.689692240225114,8.75201085306938,-16.689692240225114,16.57033115586291,218.8002713267345,25,4,False,True,0.0,0.0,57.60878777307097,0.0,0.0,0,0,213.86619567871094,36.1222554603932,65.65782928466797,True,0.0,0.0,2.948931112571522,0.0,0.0,0,0,841880.266710201,58082.76755094784,783797.4991592532,,,,,,spatiotemporal expert joint forecast head,,native-center direct paired random 200,20260745,False,,,,,,,,,,,,,,,,,,,
20,2013-08-30T01:00:00.000000000,STDE-CDM,Witness-200,True,2026-07-27T13:22:42.890739+00:00,0.0001,184.54060196876526,786259.6403404258,2,1.0,196.17712083299557,1.0,2.2888305693413713e-05,2.2888192247432927e-05,2.288824896368169e-05,2.2888272385444e-05,0.998,2.3078704102247087,0.002207217396999372,0.0,0.0,0.9976,"simultaneous generation, line-flow, and ramping feasibility; power balance is reported separately as a numerical identity","[0.9958094485807385,0.9986265344435719]",4988,1.0,0.0,0.0,0.0,0.0,0.9992,2.0821967249102116,0.0009383277528648392,0.0,0.0,781742.1275594165,781235.1254345998,750394.0020636822,815426.5416462183,20257.41534314207,5000,1575.787891388862,True,0.0,0.0,7.329710311078089e-05,0.0,0.0,0,0,False,7.162407126158705,5.005295022333861,-7.162407126158705,7.019688410493917,80.08472035734178,16,2,False,True,0.0,0.0,67.26078904074896,0.0,0.0,0,0,213.86619567871094,28.95908209657607,65.65782928466797,True,0.0,0.0,5.64603218795358,0.0,0.0,0,0,844747.5278903599,58487.88754993433,786259.6403404255,6000,665,40260745,150,50260745,spatiotemporal expert joint forecast head,100,native-center constraint witnesses plus uniform core,,False,50,156,21,304,146,22,268,0,0,0,0,0,0,23,13,114,31,13,199
21,2013-12-29T01:00:00.000000000,Joint-CLDM,Initial-200,True,2026-07-27T13:26:18.400526+00:00,0.0001,192.4212520122528,935364.9112114487,2,1.0,204.15388305099623,1.0,1.0967255320792901e-05,1.0967254984598184e-05,1.0967255093419226e-05,1.0967255320792901e-05,0.8964,22.27931761049628,0.3386617059975376,2.1429120441768443,8.4290273258909,0.8922,"simultaneous generation, line-flow, and ramping feasibility; power balance is reported separately as a numerical identity","[0.8833007920956387,0.9004970224986831]",4461,1.0,0.0,0.0,0.0,0.0,0.9664,12.168961715154875,0.08586157691642815,0.0,2.985493828452076,929815.0115182167,931038.1561930535,897637.8321667854,957723.7013437948,18298.262654163864,5000,378.1733248233808,True,0.0,0.0,7.711181629256317e-05,0.0,0.0,0,0,True,0.0,0.0,1.0931312579634351,0.0,0.0,0,0,True,True,0.0,0.0,73.8937788787199,0.0,0.0,0,0,52.34601593017578,8.782406204822474,15.757222175598145,True,0.0,0.0,1.0931315271647186,0.0,0.0,0,0,931924.1357579463,-3440.775453502196,935364.9112114485,,,,,,Joint CLDM distribution expert,,native-center direct paired random 200,20260746,False,,,,,,,,,,,,,,,,,,,
21,2013-12-29T01:00:00.000000000,Joint-CLDM,Witness-200,True,2026-07-27T13:29:39.326941+00:00,0.0001,188.69793701171875,937911.1143953,2,1.0,200.35725904900028,1.0,1.0967255548166577e-05,1.096725472793878e-05,1.0967255093419226e-05,1.0967255320792901e-05,0.9988,3.0953325268573613,0.0020306197377367202,0.0,0.0,0.9986,"simultaneous generation, line-flow, and ramping feasibility; power balance is reported separately as a numerical identity","[0.9971127802223824,0.999321667398038]",4993,1.0,0.0,0.0,0.0,0.0,0.9992,2.786009632271451,0.0011864131739452405,0.0,0.0,932450.7152522373,933714.7206729874,900678.8393754808,960044.6046106771,18077.47971939946,5000,378.17332482338117,True,0.0,0.0,7.711181606518949e-05,0.0,0.0,0,0,True,0.0,0.0,1.1992208426833209,0.0,0.0,0,0,True,True,0.0,0.0,74.105958069959,0.0,0.0,0,0,52.34601593017578,6.735860221328025,15.757222175598145,True,0.0,0.0,3.122615603930214,0.0,0.0,0,0,934578.296791407,-3332.8176038925303,937911.1143952996,6000,680,40260746,151,50260746,Joint CLDM distribution expert,100,native-center constraint witnesses plus uniform core,,False,49,135,21,421,97,18,244,0,0,0,0,0,0,21,10,72,39,18,146
21,2013-12-29T01:00:00.000000000,STDE-CDM,Initial-200,True,2026-07-27T13:33:10.322816+00:00,0.0001,199.0333387851715,936650.1632895216,2,1.0,210.6198483449989,1.0,9.536743277749338e-06,9.536742963382494e-06,9.536743050375662e-06,9.5367431640625e-06,0.8964,26.743219755244876,0.34855320585294264,2.2041456887298927,8.59808086929721,0.892,"simultaneous generation, line-flow, and ramping feasibility; power balance is reported separately as a numerical identity","[0.8830939519506444,0.9003041697244554]",4460,1.0,0.0,0.0,0.0,0.0,0.9654,18.107938487230715,0.08424729685329384,0.0,3.0201302600719657,933663.6284385463,934656.1873162147,903957.6925275762,960054.3918611723,17077.390044555592,5000,389.11305046081617,True,0.0,0.0,8.474121071012633e-05,0.0,0.0,0,0,True,0.0,0.0,1.0745441993169607,0.0,0.0,0,0,True,True,0.0,0.0,73.85660475488473,0.0,0.0,0,0,71.99189758300781,12.820955453325354,16.213043212890625,True,0.0,0.0,1.0745442380594206,0.0,0.0,0,0,931430.9420274695,-5219.2212620516075,936650.1632895211,,,,,,spatiotemporal expert joint forecast head,,native-center direct paired random 200,20260746,False,,,,,,,,,,,,,,,,,,,
21,2013-12-29T01:00:00.000000000,STDE-CDM,Witness-200,True,2026-07-27T13:36:41.428873+00:00,0.0001,198.84995698928833,939095.0958381556,2,1.0,210.55615347999992,1.0,9.536749871585926e-06,9.536742411341947e-06,9.536746006233443e-06,9.536747712672878e-06,0.9982,7.513783693429694,0.0028484506093711774,0.0,0.0,0.9982,"simultaneous generation, line-flow, and ramping feasibility; power balance is reported separately as a numerical identity","[0.9965823552896695,0.9990527064923067]",4991,1.0,0.0,0.0,0.0,0.0,0.9994,4.429525433918908,0.0011304895967133072,0.0,0.0,936130.1814296547,937067.0674800035,906811.4447572,962170.847345128,16873.13032848861,5000,389.11305046080395,True,0.0,0.0,8.474120627633966e-05,0.0,0.0,0,0,True,0.0,0.0,1.1814038845770973,0.0,0.0,0,0,True,True,0.0,0.0,74.07032414306545,0.0,0.0,0,0,71.99189758300781,8.846955150674155,16.213043212890625,True,0.0,0.0,2.1095346107865574,0.0,0.0,0,0,933958.3957970412,-5136.700041113654,939095.0958381549,6000,679,40260746,149,50260746,spatiotemporal expert joint forecast head,100,native-center constraint witnesses plus uniform core,,False,51,122,20,425,87,16,230,0,0,0,0,0,0,23,10,78,33,19,157
22,2013-11-05T01:00:00.000000000,Joint-CLDM,Initial-200,True,2026-07-27T13:40:21.116799+00:00,0.0001,196.67970299720764,851167.2285497654,2,1.0,208.3829206139999,1.0,2.6702889726948342e-05,2.6702880765105874e-05,2.6702885179474833e-05,2.6702886998464237e-05,0.9028,18.92148998001041,0.30867856709817254,2.123099945158414,7.280604557148619,0.8952,"simultaneous generation, line-flow, and ramping feasibility; power balance is reported separately as a numerical identity","[0.8864045189535809,0.9033886894290707]",4476,1.0,0.0,0.0,0.0,0.0,0.9548,9.80275943294501,0.07975974937653928,0.0,2.799873436953516,844591.7006702397,844675.7728470985,810692.4913379599,879111.6328396077,20986.59815239545,5000,559.9554805756021,True,0.0,0.0,6.566772574624338e-05,0.0,0.0,0,0,True,0.0,0.0,0.0916427001033,0.0,0.0,0,0,True,True,0.0,0.0,74.7237150044914,0.0,0.0,0,0,73.18232727050781,8.769115396494765,23.33147621154785,True,0.0,0.0,1.0238466528717467,0.0,0.0,0,0,874347.3395070056,23180.11095724057,851167.2285497651,,,,,,Joint CLDM distribution expert,,native-center direct paired random 200,20260747,False,,,,,,,,,,,,,,,,,,,
22,2013-11-05T01:00:00.000000000,Joint-CLDM,Witness-200,True,2026-07-27T13:43:36.679054+00:00,0.0001,183.30145812034607,853326.2351125666,2,1.0,194.9734893260029,1.0,2.6702880859375e-05,2.670288060230632e-05,2.6702880859375e-05,2.6702880859375e-05,0.9958,9.010565759517407,0.009590550231481783,0.0,0.0,0.9946,"simultaneous generation, line-flow, and ramping feasibility; power balance is reported separately as a numerical identity","[0.9921545307177468,0.9962860585182338]",4973,1.0,0.0,0.0,0.0,0.0,0.9962,8.550161909189637,0.006823477418828418,0.0,0.0,846772.9109596766,846852.6874591727,812921.6520426598,881345.0358346483,20960.235971574515,5000,559.9554805851108,True,0.0,0.0,6.5667724609375e-05,0.0,0.0,0,0,True,0.0,0.0,1.0401998285683405,0.0,0.0,0,0,True,True,0.0,0.0,75.24870951326488,0.0,0.0,0,0,73.18232727050781,7.470276270580481,23.33147621154785,True,0.0,0.0,1.5409266953659575,0.0,0.0,0,0,876550.0425473953,23223.80743482907,853326.2351125663,6000,645,40260747,157,50260747,Joint CLDM distribution expert,100,native-center constraint witnesses plus uniform core,,False,43,113,16,306,106,15,280,0,0,0,0,0,0,42,21,241,14,9,41
22,2013-11-05T01:00:00.000000000,STDE-CDM,Initial-200,True,2026-07-27T13:47:17.404771+00:00,0.0001,208.75488305091858,814023.5851195443,2,1.0,220.33846563399857,1.0,2.288818404849735e-05,2.288818382758109e-05,2.288818404849735e-05,2.288818404849735e-05,0.9124,13.642376747011397,0.23974956191727462,1.4079002904199034,6.0156926921580585,0.9032,"simultaneous generation, line-flow, and ramping feasibility; power balance is reported separately as a numerical identity","[0.8946919376949022,0.9110889874566291]",4516,1.0,0.0,0.0,0.0,0.0,0.9634,8.81358735846634,0.07077726376857933,0.0,2.684363284668834,832973.0795548626,832987.8969478563,799879.2326450173,866516.4516622123,20563.748811245154,5000,1427.7881879806523,True,0.0,0.0,6.948242210237368e-05,0.0,0.0,0,0,True,0.0,0.0,0.25224835712845106,0.0,0.0,0,0,True,True,0.0,0.0,74.63667039018708,0.0,0.0,0,0,138.12307739257812,16.339186752566874,59.49116897583008,True,0.0,0.0,1.008300623279439,0.0,0.0,0,0,874448.4395347373,60424.85441519332,814023.585119544,,,,,,spatiotemporal expert joint forecast head,,native-center direct paired random 200,20260747,False,,,,,,,,,,,,,,,,,,,
22,2013-11-05T01:00:00.000000000,STDE-CDM,Witness-200,True,2026-07-27T13:51:01.546873+00:00,0.0001,211.80228304862976,815667.08987951,2,1.0,223.55035481099912,1.0,2.288818404849735e-05,2.288818364850158e-05,2.2888183821123675e-05,2.2888183821123675e-05,0.9932,4.563580307470312,0.011378116536185381,0.0,0.0,0.992,"simultaneous generation, line-flow, and ramping feasibility; power balance is reported separately as a numerical identity","[0.989125263011231,0.9941193182748636]",4960,1.0,0.0,0.0,0.0,0.0,0.9972,5.500456303641894,0.0049143497646778455,0.0,0.0,834631.9915192352,834637.0590063417,801727.5324152552,868167.5688726206,20531.984003147078,5000,1427.7881879806519,True,0.0,0.0,6.948242210237368e-05,0.0,0.0,0,0,True,0.0,0.0,0.9703196776113074,0.0,0.0,0,0,True,True,0.0,0.0,75.20871161727652,0.0,0.0,0,0,138.12307739257812,14.310421791394301,59.49116897583008,True,0.0,0.0,1.649356971126661,0.0,0.0,0,0,876073.4458033629,60406.35592385335,815667.0898795095,6000,557,40260747,160,50260747,spatiotemporal expert joint forecast head,100,native-center constraint witnesses plus uniform core,,False,40,117,17,255,92,15,247,0,0,0,0,0,0,33,17,197,16,9,24
23,2012-06-11T01:00:00.000000000,Joint-CLDM,Initial-200,True,2026-07-27T13:54:41.096062+00:00,0.0001,196.5503430366516,764887.2211101345,2,1.0,208.23774785600108,1.0,2.2888185185365728e-05,2.2888183764189306e-05,2.2888184275871026e-05,2.2888184503244702e-05,0.9292,17.59798429363322,0.20375198547188436,0.8276755103098815,5.991749379297783,0.9238,"simultaneous generation, line-flow, and ramping feasibility; power balance is reported separately as a numerical identity","[0.9161161747786913,0.9308331210527047]",4619,1.0,0.0,0.0,0.0,0.0,0.9784,9.536208728722912,0.042591416667357475,0.0,1.6194864308224546,763094.7896234965,762173.8504315485,729597.5723871735,800397.5536891735,21371.04745264108,5000,1050.3648881912227,True,0.0,0.0,6.5667724609375e-05,0.0,0.0,0,0,True,0.0,0.0,1.1981317454917289,0.0,0.0,0,0,True,True,0.0,0.0,75.93048641631276,0.0,0.0,0,0,151.37139892578125,21.878781897225174,43.765201568603516,True,0.0,0.0,3.5151919419659876,0.0,0.0,0,0,797076.7527163036,32189.531606169418,764887.2211101342,,,,,,Joint CLDM distribution expert,,native-center direct paired random 200,20260748,False,,,,,,,,,,,,,,,,,,,
23,2012-06-11T01:00:00.000000000,Joint-CLDM,Witness-200,True,2026-07-27T13:57:46.293594+00:00,0.0001,172.94636511802673,767694.6409881486,2,1.0,184.58634584100218,1.0,2.288818404849735e-05,2.2888183362101698e-05,2.288818359375e-05,2.288818359375e-05,0.9964,3.0084947815154166,0.004014376593804967,0.0,0.0,0.9962,"simultaneous generation, line-flow, and ramping feasibility; power balance is reported separately as a numerical identity","[0.9940722714406638,0.9975658611490925]",4981,1.0,0.0,0.0,0.0,0.0,0.9986,1.9909873032752152,0.001302771061010624,0.0,0.0,765964.8177476237,765046.8114186876,732337.5190721878,803303.6002833626,21410.386936159983,5000,1050.3648881912243,True,0.0,0.0,6.566772438200133e-05,0.0,0.0,0,0,True,0.0,0.0,1.2345058320591988,0.0,0.0,0,0,True,True,0.0,0.0,80.05916528703241,0.0,0.0,0,0,151.37139892578125,16.326558958548045,43.765201568603516,True,0.0,0.0,4.280605890652666,0.0,0.0,0,0,799879.1534230935,32184.51243494521,767694.6409881483,6000,473,40260748,158,50260748,Joint CLDM distribution expert,100,native-center constraint witnesses plus uniform core,,False,42,166,17,240,150,15,209,0,0,0,0,0,0,29,15,116,17,7,23
23,2012-06-11T01:00:00.000000000,STDE-CDM,Initial-200,True,2026-07-27T14:01:25.852580+00:00,0.0001,207.6183738708496,740294.9939380712,2,1.0,219.169731632006,1.0,3.051757857974735e-05,3.051757838920821e-05,3.051757857974735e-05,3.051757857974735e-05,0.9192,15.92003496210484,0.23755265429815062,1.260373977965183,6.3306649489371445,0.9106,"simultaneous generation, line-flow, and ramping feasibility; power balance is reported separately as a numerical identity","[0.9023730076829726,0.9181965554797722]",4553,1.0,0.0,0.0,0.0,0.0,0.9688,11.599540981651295,0.06072349511001857,0.0,2.199994489453605,757991.3447662995,757237.3658184938,727008.5219016942,792103.471400629,19727.07823235892,5000,1460.047406196586,True,0.0,0.0,5.422363258512633e-05,0.0,0.0,0,0,False,0.8766292341253816,0.8022634910742656,-0.8766292341253816,0.8752674385820512,3.2090539642970626,4,1,False,True,0.0,0.0,72.74975608043579,0.0,0.0,0,0,163.98451232910156,26.25283359975657,60.83530807495117,True,0.0,0.0,2.946329122242215,0.0,0.0,0,0,796447.8631118679,56152.8691737972,740294.9939380707,,,,,,spatiotemporal expert joint forecast head,,native-center direct paired random 200,20260748,False,,,,,,,,,,,,,,,,,,,
23,2012-06-11T01:00:00.000000000,STDE-CDM,Witness-200,True,2026-07-27T14:04:48.836771+00:00,0.0001,190.69310116767883,742609.2008459858,2,1.0,202.38921946199844,1.0,3.0517578352373675e-05,3.0517578094850252e-05,3.0517578125e-05,3.0517578352373675e-05,0.9972,3.9524191635061143,0.004357929161484861,0.0,0.0,0.997,"simultaneous generation, line-flow, and ramping feasibility; power balance is reported separately as a numerical identity","[0.9950558340443003,0.9981810702223441]",4985,1.0,0.0,0.0,0.0,0.0,0.9988,1.6723121805682162,0.0014930350589112372,0.0,0.0,760439.7835811848,759689.1191164143,729321.7621077122,794844.0653672061,19798.48350465006,5000,1460.047406196594,True,0.0,0.0,5.4223632812500005e-05,0.0,0.0,0,0,True,0.0,0.0,1.2229065499201894,0.0,0.0,0,0,True,True,0.0,0.0,77.75251366724703,0.0,0.0,0,0,163.98451232910156,19.39342101889678,60.83530807495117,True,0.0,0.0,4.065427999247493,0.0,0.0,0,0,798853.5577992662,56244.35695328063,742609.2008459856,6000,548,40260748,151,50260748,spatiotemporal expert joint forecast head,100,native-center constraint witnesses plus uniform core,,False,49,147,20,251,137,16,260,0,0,0,0,0,0,33,21,165,18,9,24
24,2013-01-21T01:00:00.000000000,Joint-CLDM,Initial-200,True,2026-07-27T14:08:19.693987+00:00,0.0001,187.74285888671875,922671.2901645441,2,1.0,199.4857561539975,1.0,1.144409475273278e-05,1.1444091962812309e-05,1.1444093161117053e-05,1.1444093615864404e-05,0.935,21.35397587983513,0.25114350978274724,1.0104573272954243,7.197163112856583,0.9314,"simultaneous generation, line-flow, and ramping feasibility; power balance is reported separately as a numerical identity","[0.9240573040312668,0.9380803227305649]",4657,1.0,0.0,0.0,0.0,0.0,0.9738,11.765173985743054,0.06100003078712983,0.0,2.2184191809001605,917317.7043320816,917765.9973109527,884978.644979501,948009.1614496519,19198.540120049685,5000,526.7319979667748,True,0.0,0.0,7.711181663362368e-05,0.0,0.0,0,0,True,0.0,0.0,1.1553775209946515,0.0,0.0,0,0,True,True,0.0,0.0,74.01827140670233,0.0,0.0,0,0,40.66200637817383,6.038334015764516,21.947166442871094,True,0.0,0.0,6.916830285630423,0.0,0.0,0,0,908188.1054030547,-14483.184761488927,922671.2901645437,,,,,,Joint CLDM distribution expert,,native-center direct paired random 200,20260749,False,,,,,,,,,,,,,,,,,,,
24,2013-01-21T01:00:00.000000000,Joint-CLDM,Witness-200,True,2026-07-27T14:11:52.627536+00:00,0.0001,200.7755949497223,924918.6411723135,2,1.0,212.3372443010012,1.0,1.1444092706369702e-05,1.144409198309404e-05,1.1444092251622351e-05,1.1444092478996026e-05,0.9972,6.000616748263365,0.003563048656592583,0.0,0.0,0.9972,"simultaneous generation, line-flow, and ramping feasibility; power balance is reported separately as a numerical identity","[0.9953052742616747,0.9983313229241916]",4986,1.0,0.0,0.0,0.0,0.0,0.999,4.130753125681167,0.0015343825906014561,0.0,0.0,919615.2216144113,920083.8017135743,887367.261423449,950171.1014147435,19099.717267151507,5000,526.7319979667666,True,0.0,0.0,7.711181617887633e-05,0.0,0.0,0,0,True,0.0,0.0,1.203842043783844,0.0,0.0,0,0,True,True,0.0,0.0,74.88553435017363,0.0,0.0,0,0,40.66200637817383,4.819002013515057,21.947166442871094,True,0.0,0.0,4.441951082650533,0.0,0.0,0,0,910524.907234249,-14393.733938063844,924918.6411723129,6000,432,40260749,155,50260749,Joint CLDM distribution expert,100,native-center constraint witnesses plus uniform core,,False,45,132,17,316,103,16,100,0,0,0,0,0,0,31,16,68,25,14,107
24,2013-01-21T01:00:00.000000000,STDE-CDM,Initial-200,True,2026-07-27T14:15:10.265701+00:00,0.0001,185.80322813987732,918065.4039581018,2,1.0,197.25569668800017,1.0,1.4305115200841101e-05,1.4305114769831562e-05,1.4305114973467425e-05,1.4305114973467425e-05,0.9328,20.42050470685637,0.2197473054641131,0.8441275070753281,6.179921432438654,0.927,"simultaneous generation, line-flow, and ramping feasibility; power balance is reported separately as a numerical identity","[0.9194570255135369,0.9338873570254113]",4635,1.0,0.0,0.0,0.0,0.0,0.9712,11.633925614594752,0.05693998673112155,0.0,1.7712560309382561,915746.045454982,915887.5390279669,885780.0488317545,944425.7497891273,17901.02037535414,5000,475.7155392169951,True,0.0,0.0,7.138977028043883e-05,0.0,0.0,0,0,True,0.0,0.0,1.1319045989436738,0.0,0.0,0,0,True,True,0.0,0.0,73.97132563469648,0.0,0.0,0,0,45.891788482666016,7.369660560337724,19.82147979736328,True,0.0,0.0,3.9426795184584087,0.0,0.0,0,0,907703.7467945283,-10361.657163573196,918065.4039581015,,,,,,spatiotemporal expert joint forecast head,,native-center direct paired random 200,20260749,False,,,,,,,,,,,,,,,,,,,
24,2013-01-21T01:00:00.000000000,STDE-CDM,Witness-200,True,2026-07-27T14:18:30.883230+00:00,0.0001,188.4257471561432,920170.4401780793,2,1.0,200.02787398899818,1.0,1.4305114973467425e-05,1.4305114519174821e-05,1.430511474609375e-05,1.430511474609375e-05,0.9976,6.93676135263399,0.004634779659773254,0.0,0.0,0.9972,"simultaneous generation, line-flow, and ramping feasibility; power balance is reported separately as a numerical identity","[0.9953052742616747,0.9983313229241916]",4986,1.0,0.0,0.0,0.0,0.0,0.9992,2.275106044591759,0.0006212169652656407,0.0,0.0,917841.3845581093,917992.2320101815,888005.2983773091,946392.8715944373,17792.748392872676,5000,475.7155392169953,True,0.0,0.0,7.138977073518618e-05,0.0,0.0,0,0,True,0.0,0.0,1.1939292822387877,0.0,0.0,0,0,True,True,0.0,0.0,74.09537631308783,0.0,0.0,0,0,45.891788482666016,5.57673896746369,19.82147979736328,True,0.0,0.0,6.3017056066073955,0.0,0.0,0,0,909840.4709798513,-10329.969198227627,920170.440178079,6000,462,40260749,152,50260749,spatiotemporal expert joint forecast head,100,native-center constraint witnesses plus uniform core,,False,48,121,20,306,97,14,114,0,0,0,0,0,0,38,16,127,22,14,64
25,2013-08-19T01:00:00.000000000,Joint-CLDM,Initial-200,True,2026-07-27T14:22:21.651665+00:00,0.0001,207.68126893043518,749811.2722334474,2,1.0,219.37748084000486,1.0,2.479554416368046e-05,2.479553130667682e-05,2.479553666034917e-05,2.4795538593025412e-05,0.9,18.354783738322624,0.28446176618891067,1.830287312193721,6.108033268778214,0.8966,"simultaneous generation, line-flow, and ramping feasibility; power balance is reported separately as a numerical identity","[0.8878536604183062,0.9047373983988992]",4483,1.0,0.0,0.0,0.0,0.0,0.9688,7.378051326820994,0.04931458000270616,0.0,1.847760576363875,748742.9380936774,748007.1639942684,716200.9767477344,783419.7327396413,20642.867836231613,5000,1048.4681835173312,True,0.0,0.0,5.422363349462103e-05,0.0,0.0,0,0,False,8.664444928787173,4.309487216861272,-8.664444928787173,8.420298758067357,73.26128268664162,17,2,False,True,0.0,0.0,81.32969816476367,0.0,0.0,0,0,158.61398315429688,20.709607137560308,43.68617248535156,False,1.0222410008682807,1.0222410008682807,-1.0222410008682807,1.0222410008682807,1.0222410008682807,1,1,719274.8958766535,-30536.376356793568,749811.2722334471,,,,,,Joint CLDM distribution expert,,native-center direct paired random 200,20260750,False,,,,,,,,,,,,,,,,,,,
25,2013-08-19T01:00:00.000000000,Joint-CLDM,Witness-200,True,2026-07-27T14:25:49.779122+00:00,0.0001,196.02610206604004,753260.0766549208,2,1.0,207.54725837500155,1.0,2.4795721969894657e-05,2.479551950136738e-05,2.4795603854954608e-05,2.4795635227974343e-05,0.9954,4.2391287700155225,0.005519396367186813,0.0,0.0,0.995,"simultaneous generation, line-flow, and ramping feasibility; power balance is reported separately as a numerical identity","[0.9926290765275543,0.9966108985468702]",4975,1.0,0.0,0.0,0.0,0.0,0.9988,5.052678093313098,0.0021799061428158938,0.0,0.0,752196.2389417789,751433.3891760412,719664.1307281125,786786.2862168864,20629.698806255285,5000,1048.4681835174015,True,0.0,0.0,5.422363258512633e-05,0.0,0.0,0,0,False,0.9223638342006222,0.7739151917620708,-0.9223638342006222,0.9181050574461697,7.739151917620708,10,1,False,True,0.0,0.0,89.45671986883039,0.0,0.0,0,0,158.61398315429688,15.851028781019176,43.68617248535156,True,0.0,0.0,0.9794336445881093,0.0,0.0,0,0,723038.0221251145,-30222.0545298059,753260.0766549204,6000,570,40260750,152,50260750,Joint CLDM distribution expert,100,native-center constraint witnesses plus uniform core,,False,48,149,16,293,158,20,274,0,0,0,0,0,0,19,12,49,39,18,101
25,2013-08-19T01:00:00.000000000,STDE-CDM,Initial-200,True,2026-07-27T14:29:12.793176+00:00,0.0001,191.1231279373169,738885.7034572336,2,1.0,202.61386031300208,1.0,3.4332275617998675e-05,3.433227518630701e-05,3.4332275390625e-05,3.4332275390625e-05,0.8968,24.16408541866273,0.29254037374345837,1.8013072353296573,6.795147350416109,0.8924,"simultaneous generation, line-flow, and ramping feasibility; power balance is reported separately as a numerical identity","[0.8835076415055677,0.900689866007976]",4462,1.0,0.0,0.0,0.0,0.0,0.9676,9.214065766913574,0.059747656621382886,0.0,2.07625772491906,737574.9831278437,736867.9145921121,709047.1488713317,767529.7130893375,17879.815415961122,5000,792.8518304824831,True,0.0,0.0,3.1335449218750005e-05,0.0,0.0,0,0,False,7.6573823340902445,3.7683899875966915,-7.6573823340902445,7.617238207042419,56.52584981395037,15,2,False,True,0.0,0.0,79.34904564685638,0.0,0.0,0,0,89.9437026977539,13.409650786155416,33.035491943359375,False,0.9829175824490477,0.9829175824490477,-0.9829175824490477,0.9829175824490477,0.9829175824490477,1,1,718727.0014663027,-20158.701990930596,738885.7034572333,,,,,,spatiotemporal expert joint forecast head,,native-center direct paired random 200,20260750,False,,,,,,,,,,,,,,,,,,,
25,2013-08-19T01:00:00.000000000,STDE-CDM,Witness-200,True,2026-07-27T14:32:55.605691+00:00,0.0001,210.62195301055908,741467.9738794185,2,1.0,222.22398178299773,1.0,3.4332275617998675e-05,3.433227523951245e-05,3.4332275390625e-05,3.4332275617998675e-05,0.9932,4.462810396970518,0.008315549713784405,0.0,0.0,0.9926,"simultaneous generation, line-flow, and ramping feasibility; power balance is reported separately as a numerical identity","[0.9898172578006668,0.994626402243094]",4963,1.0,0.0,0.0,0.0,0.0,0.9976,3.5996641285141067,0.0030799792082993804,0.0,0.0,740047.1953936386,739345.3459403589,711450.283160528,770033.4054944912,17917.811132618317,5000,792.8518304824709,True,0.0,0.0,3.133544660395274e-05,0.0,0.0,0,0,False,0.41179538439468155,0.30846385270333765,-0.41179538439468155,0.3922643707791344,2.467710821626701,8,1,False,True,0.0,0.0,87.12946675974405,0.0,0.0,0,0,89.9437026977539,10.777436936677544,33.035491943359375,True,0.0,0.0,1.4681061970069358,0.0,0.0,0,0,721362.2839162928,-20105.68996312539,741467.9738794182,6000,580,40260750,153,50260750,spatiotemporal expert joint forecast head,100,native-center constraint witnesses plus uniform core,,False,47,124,17,259,142,20,309,0,0,0,0,0,0,19,14,64,32,16,105
26,2012-07-21T01:00:00.000000000,Joint-CLDM,Initial-200,True,2026-07-27T14:36:24.545667+00:00,0.0001,185.91691517829895,1014131.8360416302,2,1.0,197.61918748400058,1.0,4.053116299473913e-06,4.053115783926842e-06,4.0531159584134e-06,4.053116072100238e-06,0.939,28.919599607752875,0.18730100617800471,0.3711033929447816,5.899528469922862,0.9324,"simultaneous generation, line-flow, and ramping feasibility; power balance is reported separately as a numerical identity","[0.9251039497925911,0.9390321415653505]",4662,1.0,0.0,0.0,0.0,0.0,0.9712,12.432464984456125,0.06566399537658961,0.0,2.2522487831760465,1002906.6786333616,1004860.4050416875,974502.7086001473,1024473.5958542923,15458.02043246301,5000,666.4093278645427,True,0.0,0.0,9.23706045592553e-05,0.0,0.0,0,0,True,0.0,0.0,1.0871751552622975,0.0,0.0,0,0,True,True,0.0,0.0,73.88186666593097,0.0,0.0,0,0,72.5986328125,14.426672664249203,27.767053604125977,True,0.0,0.0,2.0703691430847115,0.0,0.0,0,0,981408.4133145835,-32723.42272704665,1014131.8360416301,,,,,,Joint CLDM distribution expert,,native-center direct paired random 200,20260751,False,,,,,,,,,,,,,,,,,,,
26,2012-07-21T01:00:00.000000000,Joint-CLDM,Witness-200,True,2026-07-27T14:39:42.885021+00:00,0.0001,186.26444005966187,1015209.2795849153,2,1.0,197.7807370570008,1.0,4.053116299473913e-06,4.053115882993552e-06,4.053116072100238e-06,4.053116185787076e-06,0.9942,10.166357142443825,0.007833313317139394,0.0,0.0,0.9942,"simultaneous generation, line-flow, and ramping feasibility; power balance is reported separately as a numerical identity","[0.9916826613678198,0.9959585420297168]",4971,1.0,0.0,0.0,0.0,0.0,0.9988,3.5906980006518765,0.0013918934848655227,0.0,0.0,1004092.8357701905,1006065.424447127,976077.1937611928,1025418.6029886572,15315.620722545098,5000,666.4093278646933,True,0.0,0.0,9.23706045592553e-05,0.0,0.0,0,0,True,0.0,0.0,1.1235212826967604,0.0,0.0,0,0,True,True,0.0,0.0,73.95455891893522,0.0,0.0,0,0,72.5986328125,11.99303783526716,27.767053604125977,True,0.0,0.0,3.4787426809129514,0.0,0.0,0,0,982748.7156826813,-32460.563902233727,1015209.279584915,6000,430,40260751,159,50260751,Joint CLDM distribution expert,100,native-center constraint witnesses plus uniform core,,False,41,112,17,208,42,11,182,0,0,0,0,0,0,33,16,181,21,13,21
26,2012-07-21T01:00:00.000000000,STDE-CDM,Initial-200,True,2026-07-27T14:42:57.681018+00:00,0.0001,182.91683197021484,1012763.2172328264,2,1.0,194.4180919040009,1.0,3.576296421670122e-06,3.576279525896098e-06,3.576283700112981e-06,3.576287099349429e-06,0.9424,24.69184250144404,0.16621938535467773,0.21406489314692104,5.65278990203239,0.9376,"simultaneous generation, line-flow, and ramping feasibility; power balance is reported separately as a numerical identity","[0.9305537470629516,0.9439743601947618]",4688,1.0,0.0,0.0,0.0,0.0,0.9788,8.76350211106466,0.04035300604962675,0.0,1.3705833522761044,1007655.1039241209,1009201.7901019658,982198.025200775,1027856.9796687502,14135.341367858067,5000,669.8797258138512,True,0.0,0.0,9.23706018307712e-05,0.0,0.0,0,0,True,0.0,0.0,1.0717625376139104,0.0,0.0,0,0,True,True,0.0,0.0,73.85104142979557,0.0,0.0,0,0,62.486488342285156,12.996301637734156,27.911653518676758,True,0.0,0.0,2.448839338207833,0.0,0.0,0,0,981049.3771200127,-31713.8401128134,1012763.217232826,,,,,,spatiotemporal expert joint forecast head,,native-center direct paired random 200,20260751,False,,,,,,,,,,,,,,,,,,,
26,2012-07-21T01:00:00.000000000,STDE-CDM,Witness-200,True,2026-07-27T14:46:09.437612+00:00,0.0001,179.60404896736145,1013600.3917580962,2,1.0,191.19094866299565,1.0,3.5763202959060436e-06,3.5762795869231925e-06,3.5762898278335342e-06,3.576297560812236e-06,0.9978,7.693870385965593,0.0065417995932715595,0.0,0.0,0.9974,"simultaneous generation, line-flow, and ramping feasibility; power balance is reported separately as a numerical identity","[0.9955564171049373,0.9984798730001511]",4987,1.0,0.0,0.0,0.0,0.0,0.9992,9.293299818043675,0.003009780570856943,0.0,0.0,1008517.2044569969,1010079.4779274396,983261.2254243329,1028616.5444821304,14047.81725571287,5000,669.8797258139273,True,0.0,0.0,9.237060660561838e-05,0.0,0.0,0,0,True,0.0,0.0,1.0965233036093345,0.0,0.0,0,0,True,True,0.0,0.0,73.90056296169826,0.0,0.0,0,0,62.486488342285156,11.181730434806394,27.911653518676758,True,0.0,0.0,2.551847534030589,0.0,0.0,0,0,982062.4612224221,-31537.93053567363,1013600.3917580957,6000,400,40260751,166,50260751,spatiotemporal expert joint forecast head,100,native-center constraint witnesses plus uniform core,,False,34,79,16,193,33,11,180,0,0,0,0,0,0,26,14,124,12,5,16
27,2012-08-30T01:00:00.000000000,Joint-CLDM,Initial-200,True,2026-07-27T14:49:38.138196+00:00,0.0001,185.75836491584778,755748.309784683,2,1.0,197.3933490099953,1.0,1.525936636426195e-05,1.525879355649522e-05,1.5259053964200574e-05,1.52591775554356e-05,0.883,18.838908999128115,0.29569011584144783,2.2341148713114194,5.977128165209553,0.8646,"simultaneous generation, line-flow, and ramping feasibility; power balance is reported separately as a numerical identity","[0.8548358569932353,0.8738043347484521]",4323,1.0,0.0,0.0,0.0,0.0,0.9428,9.63758668146357,0.09461296647056111,0.20818995509366156,2.8547310096264864,753926.7085149148,754020.9277065813,721301.3319356401,785820.0021408618,19613.519891303484,5000,915.7594003677234,True,0.0,0.0,6.566772438200133e-05,0.0,0.0,0,0,True,0.0,0.0,1.214194282479781,0.0,0.0,0,0,True,True,0.0,0.0,78.39081597034067,0.0,0.0,0,0,94.63764953613281,16.277806870859077,38.15664291381836,True,0.0,0.0,2.9377239170984915,0.0,0.0,0,0,718136.4927382085,-37611.8170464742,755748.3097846827,,,,,,Joint CLDM distribution expert,,native-center direct paired random 200,20260752,False,,,,,,,,,,,,,,,,,,,
27,2012-08-30T01:00:00.000000000,Joint-CLDM,Witness-200,True,2026-07-27T14:53:01.737590+00:00,0.0001,191.51009011268616,759191.6778639504,2,1.0,203.04447751699627,1.0,1.5258789971994702e-05,1.5258789116637674e-05,1.525878951724735e-05,1.5258789744621026e-05,0.9962,2.004891010658284,0.003319920888623919,0.0,0.0,0.996,"simultaneous generation, line-flow, and ramping feasibility; power balance is reported separately as a numerical identity","[0.9938293823893419,0.9974090572811926]",4980,1.0,0.0,0.0,0.0,0.0,0.999,0.8666357716507989,0.0003697357627253467,0.0,0.0,757364.2206014866,757488.1252174191,724704.6350641117,789167.3090754184,19578.328722391278,5000,915.759400367846,True,0.0,0.0,6.566772438200133e-05,0.0,0.0,0,0,True,0.0,0.0,1.273682037075755,0.0,0.0,0,0,True,True,0.0,0.0,87.44134175245694,0.0,0.0,0,0,94.63764953613281,10.62182583005957,38.15664291381836,True,0.0,0.0,5.303109041365966,0.0,0.0,0,0,721756.9072646948,-37434.770599255105,759191.6778639499,6000,799,40260752,145,50260752,Joint CLDM distribution expert,100,native-center constraint witnesses plus uniform core,,False,55,150,22,334,146,19,364,0,0,0,0,0,0,28,17,169,35,18,184
27,2012-08-30T01:00:00.000000000,STDE-CDM,Initial-200,True,2026-07-27T14:56:57.077389+00:00,0.0001,223.36795687675476,736158.9505516392,2,1.0,234.96096459500404,1.0,3.62396240234375e-05,3.6239623825963464e-05,3.623962390975066e-05,3.62396240234375e-05,0.8748,18.245884607454254,0.31709202783532675,2.39787481411121,6.252496667551689,0.8656,"simultaneous generation, line-flow, and ramping feasibility; power balance is reported separately as a numerical identity","[0.8558646657485613,0.8747739905892358]",4328,1.0,0.0,0.0,0.0,0.0,0.9496,9.108987554382793,0.08312853482561951,0.013497910390576268,2.603904772425714,746083.6071765593,746066.5634512531,719030.1967135073,773068.1675582665,16456.592978829656,5000,660.8448905944906,True,0.0,0.0,4.277953783239355e-05,0.0,0.0,0,0,True,0.0,0.0,1.1305380095367559,0.0,0.0,0,0,True,True,0.0,0.0,78.59382033625342,0.0,0.0,0,0,67.62117004394531,11.25457652679066,27.535202026367188,True,0.0,0.0,1.1305381884855876,0.0,0.0,0,0,717124.9898127737,-19033.96073886531,736158.950551639,,,,,,spatiotemporal expert joint forecast head,,native-center direct paired random 200,20260752,False,,,,,,,,,,,,,,,,,,,
27,2012-08-30T01:00:00.000000000,STDE-CDM,Witness-200,True,2026-07-27T15:00:48.138545+00:00,0.0001,218.89282202720642,738877.7680156982,2,1.0,230.49403599699872,1.0,3.62396249329322e-05,3.623962372673759e-05,3.6239624250811175e-05,3.623962447818485e-05,0.9978,1.7584311497664586,0.001940390692541501,0.0,0.0,0.9972,"simultaneous generation, line-flow, and ramping feasibility; power balance is reported separately as a numerical identity","[0.9953052742616747,0.9983313229241916]",4986,1.0,0.0,0.0,0.0,0.0,0.9992,1.3948462182382038,0.0008538536078947744,0.0,0.0,748645.1394383138,748609.6903745079,721652.2802485063,775534.5872604273,16442.84445506509,5000,660.844890594485,True,0.0,0.0,4.2779541015625005e-05,0.0,0.0,0,0,True,0.0,0.0,1.200687792692424,0.0,0.0,0,0,True,True,0.0,0.0,88.09900180352031,0.0,0.0,0,0,67.62117004394531,7.414168578264215,27.535202026367188,True,0.0,0.0,5.406802119005484,0.0,0.0,0,0,719764.9216736334,-19112.84634206444,738877.7680156978,6000,788,40260752,144,50260752,spatiotemporal expert joint forecast head,100,native-center constraint witnesses plus uniform core,,False,56,124,21,326,126,17,421,0,0,0,0,0,0,27,17,174,30,19,123
28,2013-09-23T01:00:00.000000000,Joint-CLDM,Initial-200,True,2026-07-27T15:04:33.256141+00:00,0.0001,202.05569005012512,708907.6730017898,2,1.0,213.76183049400424,1.0,2.4795532908683526e-05,2.4795532399684816e-05,2.4795532453936175e-05,2.479553268130985e-05,0.8438,24.69317752084887,0.5418288932436035,4.044973484817575,9.284237047901382,0.832,"simultaneous generation, line-flow, and ramping feasibility; power balance is reported separately as a numerical identity","[0.8213831120791185,0.8421071338293843]",4160,1.0,0.0,0.0,0.0,0.0,0.9446,10.730624754366442,0.10249379340886224,0.17725403462130201,3.1420540858289963,711932.3286422525,711083.0120784055,679540.811324815,747300.0881803845,20471.835143525353,5000,1061.4763031005843,True,0.0,0.0,7.329711891325133e-05,0.0,0.0,0,0,False,8.899471935589432,4.739436368380529,-8.899471935589432,8.852603973393613,61.61267278894688,13,2,False,True,0.0,0.0,77.560798038536,0.0,0.0,0,0,142.03701782226562,23.187743026616403,44.228179931640625,False,0.6850674181726575,0.6850674181726575,-0.6850674181726575,0.6850674181726575,0.6850674181726575,1,1,716438.7953114571,7531.122309667524,708907.6730017896,,,,,,Joint CLDM distribution expert,,native-center direct paired random 200,20260753,False,,,,,,,,,,,,,,,,,,,
28,2013-09-23T01:00:00.000000000,Joint-CLDM,Witness-200,True,2026-07-27T15:07:55.928420+00:00,0.0001,190.42698287963867,712599.194031438,2,1.0,202.07827383499534,1.0,2.4795602257654537e-05,2.479553388197928e-05,2.479555610079842e-05,2.4795569061097922e-05,0.9966,3.62591186813124,0.004322903015769577,0.0,0.0,0.9966,"simultaneous generation, line-flow, and ramping feasibility; power balance is reported separately as a numerical identity","[0.9945614552240499,0.9978760632041505]",4983,1.0,0.0,0.0,0.0,0.0,0.9988,1.714129849429991,0.0011220137688680524,0.0,0.0,715632.4999672753,714844.3976410718,683327.9946057688,750946.1723425396,20424.338914878044,5000,1061.476303100731,True,0.0,0.0,7.329714528859768e-05,0.0,0.0,0,0,False,0.07346254801874341,0.03853008295056245,-0.07346254801874341,0.06613552417758828,0.23118049770337468,6,1,False,True,0.0,0.0,81.62067392607909,0.0,0.0,0,0,142.03701782226562,15.514960310794232,44.228179931640625,True,0.0,0.0,4.99144185710815,0.0,0.0,0,0,720190.1247213865,7590.930689948727,712599.1940314377,6000,1056,40260753,141,50260753,Joint CLDM distribution expert,100,native-center constraint witnesses plus uniform core,,False,59,149,18,584,148,20,432,0,0,0,0,0,0,44,19,172,48,23,174
28,2013-09-23T01:00:00.000000000,STDE-CDM,Initial-200,True,2026-07-27T15:11:35.739415+00:00,0.0001,207.93032717704773,696719.8654996781,2,1.0,219.41368159899866,1.0,1.525878951724735e-05,1.5258789294784945e-05,1.525878951724735e-05,1.525878951724735e-05,0.8466,22.224480319027833,0.48360265076112147,3.449659059709121,9.009002535120864,0.8342,"simultaneous generation, line-flow, and ramping feasibility; power balance is reported separately as a numerical identity","[0.8236358174815769,0.8442510505383679]",4171,1.0,0.0,0.0,0.0,0.0,0.9446,8.72946413939951,0.08946054441126153,0.11730408215182866,2.714282214773559,698981.2801256233,698510.8894550048,670286.0533512619,729039.7042485822,17919.23842993461,5000,1125.0663852691614,True,0.0,0.0,6.948242142025265e-05,0.0,0.0,0,0,False,6.722741138865878,5.5560924863870484,-6.722741138865878,6.7157496316106835,33.33655491832229,6,1,False,True,0.0,0.0,75.06924771157188,0.0,0.0,0,0,114.99897766113281,20.645441349634577,46.87776565551758,True,0.0,0.0,1.1349547949907866,0.0,0.0,0,0,716216.4619715567,19496.596471879166,696719.8654996775,,,,,,spatiotemporal expert joint forecast head,,native-center direct paired random 200,20260753,False,,,,,,,,,,,,,,,,,,,
28,2013-09-23T01:00:00.000000000,STDE-CDM,Witness-200,True,2026-07-27T15:15:11.195440+00:00,0.0001,203.29657006263733,699673.2347547568,2,1.0,214.87094070699823,1.0,1.5258811799867544e-05,1.5258792997133242e-05,1.5258800885931123e-05,1.5258804751283606e-05,0.9976,2.403614343745197,0.0027302260094640846,0.0,0.0,0.997,"simultaneous generation, line-flow, and ramping feasibility; power balance is reported separately as a numerical identity","[0.9950558340443003,0.9981810702223441]",4985,1.0,0.0,0.0,0.0,0.0,0.9984,1.6230528854729158,0.000948771100678239,0.0,0.0,701917.7172770659,701457.717073601,673329.3259037285,731902.7503683586,17885.234067069476,5000,1125.0663852691384,True,0.0,0.0,6.948242142025265e-05,0.0,0.0,0,0,False,0.053406809360883045,0.04258311748831689,-0.053406809360883045,0.05291841650999474,0.25549870492990134,6,1,False,True,0.0,0.0,79.10053098266131,0.0,0.0,0,0,114.99897766113281,13.734913032036959,46.87776565551758,True,0.0,0.0,2.8905270267858114,0.0,0.0,0,0,719068.4836661833,19395.248911426985,699673.2347547563,6000,1002,40260753,141,50260753,spatiotemporal expert joint forecast head,100,native-center constraint witnesses plus uniform core,,False,59,135,20,544,135,20,402,0,0,0,0,0,0,44,20,169,47,24,163
29,2013-06-02T01:00:00.000000000,Joint-CLDM,Initial-200,True,2026-07-27T15:18:55.178006+00:00,0.0001,200.98437404632568,891527.7541442846,2,1.0,212.70667736999894,1.0,1.4305450463325542e-05,1.430510678696919e-05,1.4305247316315216e-05,1.430532415952257e-05,0.8918,23.08944766419511,0.2935975526635961,2.086612047054486,6.558931347707313,0.8854,"simultaneous generation, line-flow, and ramping feasibility; power balance is reported separately as a numerical identity","[0.8762732822488518,0.8939349730919223]",4427,1.0,0.0,0.0,0.0,0.0,0.9626,11.136026449516208,0.05981497881268351,0.0,1.948240219186436,890476.5630611748,891054.9505587772,856651.5820719324,922424.72360787,19901.408423946177,5000,473.6930150985903,True,0.0,0.0,8.378753662109375e-05,0.0,0.0,0,0,True,0.0,0.0,1.142117668547236,0.0,0.0,0,0,True,True,0.0,0.0,73.9917516913188,0.0,0.0,0,0,77.07081604003906,15.47246570174952,19.737207412719727,True,0.0,0.0,2.3854030335175693,0.0,0.0,0,0,905870.8912407882,14343.137096503866,891527.7541442843,,,,,,Joint CLDM distribution expert,,native-center direct paired random 200,20260754,False,,,,,,,,,,,,,,,,,,,
29,2013-06-02T01:00:00.000000000,Joint-CLDM,Witness-200,True,2026-07-27T15:22:20.596814+00:00,0.0001,193.15652585029602,894184.4430261956,2,1.0,204.84123130800435,1.0,1.4305115314527939e-05,1.4305114794296969e-05,1.4305114973467425e-05,1.4305115087154263e-05,0.9964,2.7989437337450296,0.0037296225644293684,0.0,0.0,0.9958,"simultaneous generation, line-flow, and ramping feasibility; power balance is reported separately as a numerical identity","[0.9935875211616506,0.9972512255896618]",4979,1.0,0.0,0.0,0.0,0.0,0.9984,2.6130138776028993,0.0010163264312555015,0.0,0.0,893131.2050661022,893718.0622442407,859638.6580063946,924805.7099762325,19715.447775985835,5000,473.6930150985866,True,0.0,0.0,8.378753639372008e-05,0.0,0.0,0,0,True,0.0,0.0,1.2173831251401594,0.0,0.0,0,0,True,True,0.0,0.0,74.14228260398272,0.0,0.0,0,0,77.07081604003906,9.3232996122712,19.737207412719727,True,0.0,0.0,2.4485467345184695,0.0,0.0,0,0,908333.6562381855,14149.213211990194,894184.4430261953,6000,702,40260754,156,50260754,Joint CLDM distribution expert,100,native-center constraint witnesses plus uniform core,,False,44,149,15,321,123,19,336,0,0,0,0,0,0,27,16,138,26,11,113
29,2013-06-02T01:00:00.000000000,STDE-CDM,Initial-200,True,2026-07-27T15:25:53.366954+00:00,0.0001,200.80695581436157,877695.809650553,2,1.0,212.39122555600625,1.0,2.288819905515993e-05,2.2888188236402128e-05,2.2888192580694523e-05,2.2888194848746934e-05,0.89,17.313280577343562,0.28414578119098505,1.9757749408464105,6.096187312208778,0.8828,"simultaneous generation, line-flow, and ramping feasibility; power balance is reported separately as a numerical identity","[0.8735889492463915,0.8914232981444967]",4414,1.0,0.0,0.0,0.0,0.0,0.9644,8.039840126567313,0.05129992029786763,0.0,1.9527159888258852,887877.1320444687,888411.5037770553,857021.9002998698,917309.1490420038,18155.889207379565,5000,716.4987516401279,True,0.0,0.0,6.948241710015282e-05,0.0,0.0,0,0,True,0.0,0.0,1.0848207835774097,0.0,0.0,0,0,True,True,0.0,0.0,73.87715792142168,0.0,0.0,0,0,89.49143981933594,17.73018563216449,29.85411262512207,True,0.0,0.0,1.0848210524340978,0.0,0.0,0,0,905478.4951131599,27782.685462607187,877695.8096505527,,,,,,spatiotemporal expert joint forecast head,,native-center direct paired random 200,20260754,False,,,,,,,,,,,,,,,,,,,
29,2013-06-02T01:00:00.000000000,STDE-CDM,Witness-200,True,2026-07-27T15:29:45.639488+00:00,0.0001,220.00982403755188,880133.0349116512,2,1.0,231.70298846800142,1.0,2.2888190983394452e-05,2.2888185856845666e-05,2.288818802753667e-05,2.288818893816824e-05,0.997,3.3230756748688677,0.004061507061827656,0.0,0.0,0.996,"simultaneous generation, line-flow, and ramping feasibility; power balance is reported separately as a numerical identity","[0.9938293823893419,0.9974090572811926]",4980,1.0,0.0,0.0,0.0,0.0,0.9978,2.4950986749025503,0.0014813845531784998,0.0,0.0,890126.2622315844,890635.0969524737,859531.7978914087,919280.5232677667,17992.383850751088,5000,716.4987516405027,True,0.0,0.0,6.948241948757641e-05,0.0,0.0,0,0,True,0.0,0.0,1.1800252955361863,0.0,0.0,0,0,True,True,0.0,0.0,74.06756694678447,0.0,0.0,0,0,89.49143981933594,12.329309333327707,29.85411262512207,True,0.0,0.0,1.5125363020139915,0.0,0.0,0,0,907557.0965432231,27424.061631572433,880133.0349116507,6000,704,40260754,156,50260754,spatiotemporal expert joint forecast head,100,native-center constraint witnesses plus uniform core,,False,44,139,15,301,98,20,369,0,0,0,0,0,0,16,13,132,25,10,89
30,2012-01-09T01:00:00.000000000,Joint-CLDM,Initial-200,True,2026-07-27T15:33:15.913193+00:00,0.0001,187.30477690696716,793094.6576843241,2,1.0,198.9699370649978,1.0,2.2411346776607388e-05,2.2411346521221276e-05,2.241134666292055e-05,2.2411346776607388e-05,0.8624,17.52549339548265,0.3907267102283103,2.8027624984958237,7.095912714259572,0.853,"simultaneous generation, line-flow, and ramping feasibility; power balance is reported separately as a numerical identity","[0.8429138927101308,0.8625441097166809]",4265,1.0,0.0,0.0,0.0,0.0,0.9362,12.77333844601796,0.10575819867435111,0.34802842065888406,3.1734973269898377,788900.4122973684,788924.7372182005,754061.825188845,825184.0138428052,21569.635294091055,5000,754.4226379394532,True,0.0,0.0,7.711181640625e-05,0.0,0.0,0,0,True,0.0,0.0,1.1676913173137429,0.0,0.0,0,0,True,True,0.0,0.0,81.14711424525564,0.0,0.0,0,0,96.2152099609375,16.931817551650916,31.43427848815918,True,0.0,0.0,1.1676914707091548,0.0,0.0,0,0,765953.0847969032,-27141.572887420654,793094.6576843238,,,,,,Joint CLDM distribution expert,,native-center direct paired random 200,20260755,False,,,,,,,,,,,,,,,,,,,
30,2012-01-09T01:00:00.000000000,Joint-CLDM,Witness-200,True,2026-07-27T15:36:51.202951+00:00,0.0001,203.08588409423828,796504.9342444149,2,1.0,214.70112682000035,1.0,2.2411346776607388e-05,2.2411346580247482e-05,2.2411346776607388e-05,2.2411346776607388e-05,0.9976,3.6976431256048485,0.002967037360919565,0.0,0.0,0.997,"simultaneous generation, line-flow, and ramping feasibility; power balance is reported separately as a numerical identity","[0.9950558340443003,0.9981810702223441]",4985,1.0,0.0,0.0,0.0,0.0,0.999,1.2278251024879268,0.000568924829486889,0.0,0.0,792327.170536686,792335.245944897,757528.3530576203,828512.6793379001,21546.571659436955,5000,754.422637939461,True,0.0,0.0,7.711181617887633e-05,0.0,0.0,0,0,True,0.0,0.0,1.2404170570501556,0.0,0.0,0,0,True,True,0.0,0.0,86.62967106841717,0.0,0.0,0,0,96.2152099609375,10.523108677028457,31.43427848815918,True,0.0,0.0,5.167457585096269,0.0,0.0,0,0,769521.39681177,-26983.537432644516,796504.9342444146,6000,857,40260755,150,50260755,Joint CLDM distribution expert,100,native-center constraint witnesses plus uniform core,,False,50,151,18,449,155,18,377,0,0,0,0,0,0,34,18,102,32,17,278
30,2012-01-09T01:00:00.000000000,STDE-CDM,Initial-200,True,2026-07-28T06:34:47.310983+00:00,0.0001,208.17229413986206,793677.3280014803,2,1.0,219.80319058700024,1.0,2.0980874069209676e-05,2.0980833544535928e-05,2.0980850433716113e-05,2.098085633633673e-05,0.8654,16.644745045962104,0.3690269717760787,2.7342544435088425,7.346122667186476,0.853,"simultaneous generation, line-flow, and ramping feasibility; power balance is reported separately as a numerical identity","[0.8429138927101308,0.8625441097166809]",4265,1.0,0.0,0.0,0.0,0.0,0.9268,14.871684553014042,0.1359698185858683,0.7481043684847347,3.4748900790587527,784930.4450606235,784714.6601998212,754763.2391898073,816305.6212683164,18812.87640945722,5000,666.941936492918,True,0.0,0.0,6.75750705137034e-05,0.0,0.0,0,0,True,0.0,0.0,1.1304011053985938,0.0,0.0,0,0,True,True,0.0,0.0,80.76880980447315,0.0,0.0,0,0,93.94477844238281,18.761212643646477,27.789247512817383,True,0.0,0.0,1.1304011184418208,0.0,0.0,0,0,765228.3234395152,-28449.004561965005,793677.3280014802,,,,,,spatiotemporal expert joint forecast head,,native-center direct paired random 200,20260755,False,,,,,,,,,,,,,,,,,,,
30,2012-01-09T01:00:00.000000000,STDE-CDM,Witness-200,True,2026-07-28T06:38:14.034382+00:00,0.0001,194.65582299232483,796446.2734106678,2,1.0,206.13890637799977,1.0,2.0980846329621272e-05,2.0980835112459317e-05,2.098083837154263e-05,2.098084041790571e-05,0.997,3.7332638498542465,0.0033585249802914304,0.0,0.0,0.9968,"simultaneous generation, line-flow, and ramping feasibility; power balance is reported separately as a numerical identity","[0.994807939169344,0.9980292721780785]",4984,1.0,0.0,0.0,0.0,0.0,0.999,0.7714019153493545,0.00046356272412742994,0.0,0.0,787619.2019365248,787377.1808909534,757466.1809185703,819096.3833073729,18826.747544841917,5000,666.9419364929792,True,0.0,0.0,6.757507449274272e-05,0.0,0.0,0,0,True,0.0,0.0,1.2077618092683942,0.0,0.0,0,0,True,True,0.0,0.0,87.07284025704442,0.0,0.0,0,0,93.94477844238281,12.106059694834167,27.789247512817383,True,0.0,0.0,5.397116995032734,0.0,0.0,0,0,767945.815479209,-28500.457931458484,796446.2734106674,6000,858,40260755,146,50260755,spatiotemporal expert joint forecast head,100,native-center constraint witnesses plus uniform core,,False,54,129,18,386,134,19,429,0,0,0,0,0,0,27,17,135,30,19,293
31,2012-08-31T01:00:00.000000000,Joint-CLDM,Initial-200,True,2026-07-28T06:43:38.515461+00:00,0.0001,187.0511929988861,958211.9862722156,2,1.0,199.54608602899998,1.0,7.152557941481064e-06,7.152557536983295e-06,7.152557714107388e-06,7.152557714107388e-06,0.901,38.43867308913983,0.48857553147772353,2.7263236942364815,11.922006983718399,0.8962,"simultaneous generation, line-flow, and ramping feasibility; power balance is reported separately as a numerical identity","[0.8874395714278832,0.9043521015508783]",4481,1.0,0.0,0.0,0.0,0.0,0.9556,14.916282650477747,0.11963873928903881,0.0,4.20421796975008,954426.844893613,955587.8290858613,929720.7593086893,975647.7068061797,14097.583707568867,5000,474.5061621665968,True,0.0,0.0,8.092651389924868e-05,0.0,0.0,0,0,True,0.0,0.0,1.108910938925085,0.0,0.0,0,0,True,True,0.0,0.0,73.92533824229571,0.0,0.0,0,0,46.3361701965332,14.126205941275183,19.771089553833008,True,0.0,0.0,1.1089123408867323,0.0,0.0,0,0,951293.9057948419,-6918.080477373325,958211.9862722153,,,,,,Joint CLDM distribution expert,,native-center direct paired random 200,20260756,False,,,,,,,,,,,,,,,,,,,
31,2012-08-31T01:00:00.000000000,Joint-CLDM,Witness-200,True,2026-07-28T06:46:56.000757+00:00,0.0001,185.08761501312256,960023.7361350574,2,1.0,196.9032722490001,1.0,7.152571015467402e-06,7.152558427674194e-06,7.152563853196625e-06,7.1525661269333796e-06,0.998,3.9807113593231866,0.003099434964606654,0.0,0.0,0.9976,"simultaneous generation, line-flow, and ramping feasibility; power balance is reported separately as a numerical identity","[0.9958094485807385,0.9986265344435719]",4988,1.0,0.0,0.0,0.0,0.0,0.9984,4.3248106989782436,0.0028993479326736953,0.0,0.0,956326.0793525864,957468.4666241896,931927.082298856,977250.723430157,13934.310987643725,5000,474.50616216656726,True,0.0,0.0,8.092651287606714e-05,0.0,0.0,0,0,True,0.0,0.0,1.1725357967511414,0.0,0.0,0,0,True,True,0.0,0.0,74.05258795328331,0.0,0.0,0,0,46.3361701965332,6.083777016483737,19.771089553833008,True,0.0,0.0,4.0854935361724,0.0,0.0,0,0,953260.4967101122,-6763.239424944739,960023.7361350569,6000,632,40260756,149,50260756,Joint CLDM distribution expert,100,native-center constraint witnesses plus uniform core,,False,51,100,17,456,86,16,160,0,0,0,0,0,0,44,21,194,24,16,95
31,2012-08-31T01:00:00.000000000,STDE-CDM,Initial-200,True,2026-07-28T06:50:33.335650+00:00,0.0001,205.23236989974976,959470.268395974,2,1.0,216.96207176100006,1.0,9.775161970537738e-06,9.775161618085804e-06,9.775161743164062e-06,9.7751618568509e-06,0.904,32.62816926064953,0.42003520561186486,2.285425575605536,11.125509643386387,0.9004,"simultaneous generation, line-flow, and ramping feasibility; power balance is reported separately as a numerical identity","[0.8917894877357043,0.9083957365467189]",4502,1.0,0.0,0.0,0.0,0.0,0.9664,16.366889558123155,0.09250898562237929,0.0,3.700989402773477,957161.7373366634,957986.8625699594,935914.9402123422,976394.8821011761,12410.937384288134,5000,552.190808057796,True,0.0,0.0,8.092651378556184e-05,0.0,0.0,0,0,True,0.0,0.0,1.0857420849043606,0.0,0.0,0,0,True,True,0.0,0.0,73.87900052321282,0.0,0.0,0,0,57.886680603027344,18.172735029567672,23.007949829101562,True,0.0,0.0,1.0857420924234944,0.0,0.0,0,0,950744.65040057,-8725.61799540359,959470.2683959736,,,,,,spatiotemporal expert joint forecast head,,native-center direct paired random 200,20260756,False,,,,,,,,,,,,,,,,,,,
31,2012-08-31T01:00:00.000000000,STDE-CDM,Witness-200,True,2026-07-28T06:53:52.823491+00:00,0.0001,187.0841760635376,960966.1008123729,2,1.0,198.92862238299995,1.0,9.775162084224576e-06,9.775161556513012e-06,9.775161743164062e-06,9.7751618568509e-06,0.998,3.387532589041353,0.0032191970288709313,0.0,0.0,0.998,"simultaneous generation, line-flow, and ramping feasibility; power balance is reported separately as a numerical identity","[0.9963221157237114,0.998913253139043]",4990,1.0,0.0,0.0,0.0,0.0,0.9992,2.4726892631254103,0.0009060453057906223,0.0,0.0,958669.0442905098,959477.4425113526,937681.8033831888,977757.6203637077,12291.519906422158,5000,552.1908080577991,True,0.0,0.0,8.092651401293552e-05,0.0,0.0,0,0,True,0.0,0.0,1.1289041580956436,0.0,0.0,0,0,True,True,0.0,0.0,73.96532466990911,0.0,0.0,0,0,57.886680603027344,8.257781395907175,23.007949829101562,True,0.0,0.0,1.1289042101066862,0.0,0.0,0,0,952275.3535280362,-8690.747284336365,960966.1008123725,6000,632,40260756,156,50260756,spatiotemporal expert joint forecast head,100,native-center constraint witnesses plus uniform core,,False,44,83,14,445,76,16,166,0,0,0,0,0,0,33,15,185,18,15,51
32,2013-10-09T01:00:00.000000000,Joint-CLDM,Initial-200,True,2026-07-28T06:57:34.557743+00:00,0.0001,198.89258003234863,666044.057935335,2,1.0,210.5246105279998,1.0,1.5258789176186838e-05,1.525878901481974e-05,1.5258789176186838e-05,1.5258789176186838e-05,0.9142,24.013506953783953,0.23706616988365176,1.2892325170370005,6.086835167761329,0.9084,"simultaneous generation, line-flow, and ramping feasibility; power balance is reported separately as a numerical identity","[0.9000878237861217,0.9160851172651813]",4542,1.0,0.0,0.0,0.0,0.0,0.9658,10.238020192317514,0.06273299446201792,0.0,2.052525567700481,680246.0667050742,678918.7000555198,653736.3265597882,711022.8008205283,17688.88964710272,5000,796.3627872465596,True,0.0,0.0,6.948242176131317e-05,0.0,0.0,0,0,False,0.9566613381248787,0.7211098661281372,-0.9566613381248787,0.94220919518845,5.04776906289696,7,1,False,True,0.0,0.0,87.16786515259514,0.0,0.0,0,0,120.21647644042969,17.04001575463192,33.18178176879883,True,0.0,0.0,0.6560509152202876,0.0,0.0,0,0,659564.8252486265,-6479.232686708099,666044.0579353346,,,,,,Joint CLDM distribution expert,,native-center direct paired random 200,20260757,False,,,,,,,,,,,,,,,,,,,
32,2013-10-09T01:00:00.000000000,Joint-CLDM,Witness-200,True,2026-07-28T07:01:29.565355+00:00,0.0001,222.85271501541138,668502.5163758842,2,1.0,234.4208838479999,1.0,1.525879099517624e-05,1.5258789148242614e-05,1.525878963093419e-05,1.525879008568154e-05,0.9946,9.187964258525597,0.009389806488862278,0.0,0.0,0.9936,"simultaneous generation, line-flow, and ramping feasibility; power balance is reported separately as a numerical identity","[0.9909793127483129,0.9954628118915578]",4968,1.0,0.0,0.0,0.0,0.0,0.998,1.005315245481981,0.0009299017128138935,0.0,0.0,682780.2273224894,681448.5426465012,656066.2120400129,713736.9221844248,17789.362815322536,5000,796.3627872467343,True,0.0,0.0,6.948242153393949e-05,0.0,0.0,0,0,True,0.0,0.0,1.2096744483068314,0.0,0.0,0,0,True,True,0.0,0.0,89.87193697398567,0.0,0.0,0,0,120.21647644042969,11.566214077761696,33.18178176879883,True,0.0,0.0,2.806222380521703,0.0,0.0,0,0,662024.699533226,-6477.816842657747,668502.5163758837,6000,549,40260757,153,50260757,Joint CLDM distribution expert,100,native-center constraint witnesses plus uniform core,,False,47,133,14,169,153,19,338,0,0,0,0,0,0,33,16,117,45,17,122
32,2013-10-09T01:00:00.000000000,STDE-CDM,Initial-200,True,2026-07-28T07:05:18.812590+00:00,0.0001,217.38715505599976,660135.7179764361,2,1.0,228.858159204,1.0,3.0517578352373675e-05,3.051757812947926e-05,3.051757823868684e-05,3.051757823868684e-05,0.9002,28.664692756045845,0.2965046002431149,1.9004906321032993,6.675318317130673,0.8966,"simultaneous generation, line-flow, and ramping feasibility; power balance is reported separately as a numerical identity","[0.8878536604183062,0.9047373983988992]",4483,1.0,0.0,0.0,0.0,0.0,0.9672,8.600678279153584,0.059675159867043887,0.0,2.272092306385494,668492.8800399752,667846.2362434978,642140.3055012054,697313.0585915433,16736.4944647475,5000,850.0095520019554,True,0.0,0.0,6.566772483674868e-05,0.0,0.0,0,0,True,0.0,0.0,1.1634294627871347,0.0,0.0,0,0,True,True,0.0,0.0,85.7066185745735,0.0,0.0,0,0,80.38619995117188,12.7080995600343,35.41706466674805,True,0.0,0.0,0.01793775841549916,0.0,0.0,0,0,659244.6829766287,-891.0349998071324,660135.7179764358,,,,,,spatiotemporal expert joint forecast head,,native-center direct paired random 200,20260757,False,,,,,,,,,,,,,,,,,,,
32,2013-10-09T01:00:00.000000000,STDE-CDM,Witness-200,True,2026-07-28T07:08:49.979920+00:00,0.0001,198.95022892951965,662992.4116118595,2,1.0,210.5752864269998,1.0,3.0517578352373675e-05,3.051757811022071e-05,3.0517578125e-05,3.051757823868684e-05,0.9974,7.840652266705561,0.006233947530034065,0.0,0.0,0.9968,"simultaneous generation, line-flow, and ramping feasibility; power balance is reported separately as a numerical identity","[0.994807939169344,0.9980292721780785]",4984,1.0,0.0,0.0,0.0,0.0,0.9984,2.3129170592930883,0.00133940608405089,0.0,0.0,671356.7229005987,670692.7298580507,644912.8362279162,700280.3365766676,16834.25564017537,5000,850.0095520019624,True,0.0,0.0,6.566772483674868e-05,0.0,0.0,0,0,True,0.0,0.0,1.2165258471866913,0.0,0.0,0,0,True,True,0.0,0.0,89.00222808843554,0.0,0.0,0,0,80.38619995117188,8.195252377703756,35.41706466674805,True,0.0,0.0,3.6994453360837127,0.0,0.0,0,0,662239.5037294277,-752.907882431522,662992.4116118592,6000,604,40260757,148,50260757,spatiotemporal expert joint forecast head,100,native-center constraint witnesses plus uniform core,,False,52,136,19,234,145,21,348,0,0,0,0,0,0,36,14,97,48,20,103
33,2012-06-24T01:00:00.000000000,Joint-CLDM,Initial-200,True,2026-07-28T07:12:18.942782+00:00,0.0001,186.11011409759521,896865.1313459135,2,1.0,197.68642885099962,1.0,1.2397767250149627e-05,1.2397766213507567e-05,1.2397766568028601e-05,1.2397766795402276e-05,0.852,29.557711613174973,0.578943093283231,3.9944923071808707,10.800381374383553,0.8426,"simultaneous generation, line-flow, and ramping feasibility; power balance is reported separately as a numerical identity","[0.8322431341440977,0.8524308364831708]",4213,1.0,0.0,0.0,0.0,0.0,0.93,22.718096919397176,0.19366244320655188,0.9276763864081645,5.273574845212272,888772.8544848259,889847.4028401207,857558.910001392,917208.3491730156,18134.003030138087,5000,526.2515125274654,True,0.0,0.0,8.28338623046875e-05,0.0,0.0,0,0,True,0.0,0.0,1.124631547441247,0.0,0.0,0,0,True,True,0.0,0.0,73.95677945459369,0.0,0.0,0,0,63.050048828125,12.107677445548902,21.927146911621094,True,0.0,0.0,1.1246326075203328,0.0,0.0,0,0,915675.3400762577,18810.208730344428,896865.1313459133,,,,,,Joint CLDM distribution expert,,native-center direct paired random 200,20260758,False,,,,,,,,,,,,,,,,,,,
33,2012-06-24T01:00:00.000000000,Joint-CLDM,Witness-200,True,2026-07-28T07:15:24.525167+00:00,0.0001,173.4681749343872,899640.2371466671,2,1.0,185.00276079000014,1.0,1.2397767022775952e-05,1.2397766253707232e-05,1.2397766568028601e-05,1.2397766568028601e-05,0.9974,4.868338788180062,0.005120659872308017,0.0,0.0,0.9972,"simultaneous generation, line-flow, and ramping feasibility; power balance is reported separately as a numerical identity","[0.9953052742616747,0.9983313229241916]",4986,1.0,0.0,0.0,0.0,0.0,0.9992,2.4202487866004034,0.001315896921185103,0.0,0.0,891638.1067932615,892693.3371725364,860855.1021801021,919763.7955690561,17884.566074877363,5000,526.2515125274392,True,0.0,0.0,8.283386253206118e-05,0.0,0.0,0,0,True,0.0,0.0,1.2237807950408914,0.0,0.0,0,0,True,True,0.0,0.0,75.93641874704645,0.0,0.0,0,0,63.050048828125,7.420869758660636,21.927146911621094,True,0.0,0.0,7.075564482314164,0.0,0.0,0,0,918127.5908974835,18487.353750816896,899640.2371466666,6000,945,40260758,147,50260758,Joint CLDM distribution expert,100,native-center constraint witnesses plus uniform core,,False,53,143,18,667,85,17,234,0,0,0,0,0,0,46,21,336,35,17,113
33,2012-06-24T01:00:00.000000000,STDE-CDM,Initial-200,True,2026-07-28T07:18:38.712452+00:00,0.0001,182.31336402893066,883557.346325661,2,1.0,193.79584544600038,1.0,1.7166138377433526e-05,1.7166137986441752e-05,1.716613815005985e-05,1.716613815005985e-05,0.8672,27.327345362472414,0.45928950621284365,3.2783841603133412,9.02226212412733,0.8586,"simultaneous generation, line-flow, and ramping feasibility; power balance is reported separately as a numerical identity","[0.8486665737964922,0.8679828303685353]",4293,1.0,0.0,0.0,0.0,0.0,0.9424,18.00759794582129,0.13740628090422183,0.24718051332776955,3.993835176525936,879141.2361718498,879785.2632253843,851939.8620200632,905498.3664473856,16243.407860099225,5000,756.2981910705548,True,0.0,0.0,6.948242164762633e-05,0.0,0.0,0,0,True,0.0,0.0,1.1025683850906276,0.0,0.0,0,0,True,True,0.0,0.0,73.91265312394475,0.0,0.0,0,0,72.3234634399414,16.037190331083828,31.512422561645508,True,0.0,0.0,1.1025685024878449,0.0,0.0,0,0,914879.1036650187,31321.757339358097,883557.3463256606,,,,,,spatiotemporal expert joint forecast head,,native-center direct paired random 200,20260758,False,,,,,,,,,,,,,,,,,,,
33,2012-06-24T01:00:00.000000000,STDE-CDM,Witness-200,True,2026-07-28T07:21:45.788788+00:00,0.0001,174.94875502586365,885899.1860001852,2,1.0,186.4976385099999,1.0,1.7166145880764816e-05,1.7166138871425574e-05,1.7166142470159684e-05,1.7166143834401737e-05,0.9966,6.615808223742977,0.005777171496766768,0.0,0.0,0.9964,"simultaneous generation, line-flow, and ramping feasibility; power balance is reported separately as a numerical identity","[0.9943162662634123,0.997721559245566]",4982,1.0,0.0,0.0,0.0,0.0,0.9988,1.5384972478275252,0.001154338428802376,0.0,0.0,881574.1934141031,882203.6011759129,854630.8331746589,907682.3328536183,16084.440388814626,5000,756.2981910705395,True,0.0,0.0,6.94824173275265e-05,0.0,0.0,0,0,True,0.0,0.0,1.1958950770351287,0.0,0.0,0,0,True,True,0.0,0.0,74.40153933125728,0.0,0.0,0,0,72.3234634399414,9.814271896321632,31.512422561645508,True,0.0,0.0,3.051931449839298,0.0,0.0,0,0,916972.6113433987,31073.425343213836,885899.1860001849,6000,860,40260758,152,50260758,spatiotemporal expert joint forecast head,100,native-center constraint witnesses plus uniform core,,False,48,126,19,590,86,18,218,0,0,0,0,0,0,28,15,267,23,12,110
34,2012-12-22T01:00:00.000000000,Joint-CLDM,Initial-200,True,2026-07-28T07:25:33.485545+00:00,0.0001,204.68336606025696,883766.1703100236,2,1.0,216.45905061099984,1.0,3.0517578920807864e-05,3.0517578004878487e-05,3.0517578352373675e-05,3.051757857974735e-05,0.9176,56.1478508841156,0.36418806777562807,1.3346291830469161,11.130257962060826,0.908,"simultaneous generation, line-flow, and ramping feasibility; power balance is reported separately as a numerical identity","[0.8996724867489981,0.9157010684638608]",4540,1.0,0.0,0.0,0.0,0.0,0.9592,24.278186525022726,0.09807984066946442,0.0,2.7865754374412153,874756.3684025358,874572.7073343253,844352.2853824937,905589.2717681015,18537.012291753377,5000,807.4478302001986,True,0.0,0.0,6.566772495043552e-05,0.0,0.0,0,0,True,0.0,0.0,1.1445194869004567,0.0,0.0,0,0,True,True,0.0,0.0,73.99655532770007,0.0,0.0,0,0,81.49533081054688,19.687198140733873,33.64366149902344,True,0.0,0.0,1.806786676367576,0.0,0.0,0,0,879676.6375333495,-4089.53277667379,883766.1703100232,,,,,,Joint CLDM distribution expert,,native-center direct paired random 200,20260759,False,,,,,,,,,,,,,,,,,,,
34,2012-12-22T01:00:00.000000000,Joint-CLDM,Witness-200,True,2026-07-28T07:28:52.678550+00:00,0.0001,186.91478514671326,885574.8216135983,2,1.0,198.59544783399997,1.0,3.051757857974735e-05,3.0517577990144674e-05,3.051757823868684e-05,3.0517578352373675e-05,0.9954,14.076700001448646,0.010477236156308719,0.0,0.0,0.995,"simultaneous generation, line-flow, and ramping feasibility; power balance is reported separately as a numerical identity","[0.9926290765275543,0.9966108985468702]",4975,1.0,0.0,0.0,0.0,0.0,0.9982,2.5103223951251756,0.0016603068304955905,0.0,0.0,876707.4499942585,876518.4244444317,846510.9197190527,907322.4430506781,18424.273867012893,5000,807.4478302001874,True,0.0,0.0,6.566772495043552e-05,0.0,0.0,0,0,True,0.0,0.0,1.2021851842271118,0.0,0.0,0,0,True,True,0.0,0.0,74.11188687470556,0.0,0.0,0,0,81.49533081054688,12.54236550268417,33.64366149902344,True,0.0,0.0,3.265229074850282,0.0,0.0,0,0,881673.5558674696,-3901.2657461282797,885574.8216135979,6000,494,40260759,145,50260759,Joint CLDM distribution expert,100,native-center constraint witnesses plus uniform core,,False,55,130,19,297,87,13,154,0,0,0,0,0,0,51,26,131,43,18,104
34,2012-12-22T01:00:00.000000000,STDE-CDM,Initial-200,True,2026-07-28T07:32:43.330430+00:00,0.0001,218.7074658870697,866082.2106064844,2,1.0,230.26827458799926,1.0,3.051772137041553e-05,3.051759090899395e-05,3.0517627237713896e-05,3.051765361533398e-05,0.919,50.80777523647278,0.35066282645113883,1.250566954531988,9.279896253930966,0.9072,"simultaneous generation, line-flow, and ramping feasibility; power balance is reported separately as a numerical identity","[0.8988419496989091,0.9149328338370619]",4536,1.0,0.0,0.0,0.0,0.0,0.9532,19.87910185324631,0.11536501586444615,0.0,3.537546211483429,868112.9740985344,868206.7331156377,837803.5202851123,898647.4539739667,18511.54630201889,5000,998.4944267274358,True,0.0,0.0,6.948242164762633e-05,0.0,0.0,0,0,True,0.0,0.0,1.1059847046672573,0.0,0.0,0,0,True,True,0.0,0.0,73.91948578591163,0.0,0.0,0,0,92.08476257324219,16.788813352226672,41.60393142700195,True,0.0,0.0,0.30211673226964564,0.0,0.0,0,0,879588.8238380703,13506.613231586176,866082.2106064841,,,,,,spatiotemporal expert joint forecast head,,native-center direct paired random 200,20260759,False,,,,,,,,,,,,,,,,,,,
34,2012-12-22T01:00:00.000000000,STDE-CDM,Witness-200,True,2026-07-28T07:36:09.627636+00:00,0.0001,193.96740293502808,867817.7871091892,2,1.0,205.72113709699988,1.0,3.0517581308231456e-05,3.0517577065666047e-05,3.05175790344947e-05,3.051757971661573e-05,0.9954,11.389496404270727,0.009923572696068726,0.0,0.0,0.9954,"simultaneous generation, line-flow, and ramping feasibility; power balance is reported separately as a numerical identity","[0.9931066129382373,0.996932747974631]",4977,1.0,0.0,0.0,0.0,0.0,0.999,1.9059258263620826,0.0013325904912064707,0.0,0.0,869855.9107259664,869955.0888415296,839782.8014078131,900137.1234869122,18359.331356825845,5000,998.4944267273956,True,0.0,0.0,6.948242733196822e-05,0.0,0.0,0,0,True,0.0,0.0,1.1892480950195399,0.0,0.0,0,0,True,True,0.0,0.0,74.08601254444133,0.0,0.0,0,0,92.08476257324219,10.249497427672754,41.60393142700195,True,0.0,0.0,2.7921147254450673,0.0,0.0,0,0,881284.622264096,13466.83515490708,867817.787109189,6000,531,40260759,146,50260759,spatiotemporal expert joint forecast head,100,native-center constraint witnesses plus uniform core,,False,54,112,20,291,82,12,168,0,0,0,0,0,0,41,24,152,32,15,141
35,2013-01-27T01:00:00.000000000,Joint-CLDM,Initial-200,True,2026-07-28T07:39:28.253765+00:00,0.0001,175.69206404685974,924893.4365767145,2,1.0,187.38863375500023,1.0,9.536749075778062e-06,9.536743127068804e-06,9.536745551486092e-06,9.536746802041307e-06,0.9278,17.017208467807528,0.19380502471684932,0.8988218149391146,5.228568254729726,0.9238,"simultaneous generation, line-flow, and ramping feasibility; power balance is reported separately as a numerical identity","[0.9161161747786913,0.9308331210527047]",4619,1.0,0.0,0.0,0.0,0.0,0.972,10.776545712776091,0.060592847563801434,0.0,2.1902142909090894,919245.8494436987,920036.0619075638,884429.7144349499,952528.311870159,20686.519169680414,5000,519.5577454567598,True,0.0,0.0,8.664855979768618e-05,0.0,0.0,0,0,True,0.0,0.0,1.1583739654752883,0.0,0.0,0,0,False,True,0.0,0.0,74.0242642844255,0.0,0.0,0,0,78.88931274414062,14.39223660060579,21.648239135742188,False,0.46583013596538336,0.46583013596538336,-0.46583013596538336,0.46583013596538336,0.46583013596538336,1,1,932003.4852631064,7110.048686392605,924893.4365767138,,,,,,Joint CLDM distribution expert,,native-center direct paired random 200,20260760,False,,,,,,,,,,,,,,,,,,,
35,2013-01-27T01:00:00.000000000,Joint-CLDM,Witness-200,True,2026-07-28T07:42:52.716707+00:00,0.0001,192.2318091392517,927263.3862897224,2,1.0,203.88363769999978,1.0,9.536743959870364e-06,9.536742986688295e-06,9.536743391436175e-06,9.536743505123013e-06,0.9956,9.770806230369459,0.009736564864926956,0.0,0.0,0.9956,"simultaneous generation, line-flow, and ramping feasibility; power balance is reported separately as a numerical identity","[0.9933466185851141,0.9970924352469765]",4978,1.0,0.0,0.0,0.0,0.0,0.9988,2.287650667265023,0.0012619116203039155,0.0,0.0,921641.386743705,922345.6492697403,887041.0983725246,954679.7712898507,20556.126641193558,5000,519.5577454566978,True,0.0,0.0,8.664855934293883e-05,0.0,0.0,0,0,True,0.0,0.0,1.2056406400198654,0.0,0.0,0,0,True,True,0.0,0.0,74.1187976482934,0.0,0.0,0,0,78.88931274414062,9.26698019808939,21.648239135742188,True,0.0,0.0,3.0372187666959753,0.0,0.0,0,0,934238.2515109167,6974.86522119469,927263.386289722,6000,541,40260760,155,50260760,Joint CLDM distribution expert,100,native-center constraint witnesses plus uniform core,,False,45,135,17,268,112,16,246,0,0,0,0,0,0,23,15,95,30,11,106
35,2013-01-27T01:00:00.000000000,STDE-CDM,Initial-200,True,2026-07-28T07:46:30.845478+00:00,0.0001,206.20129108428955,951347.5197599403,2,1.0,217.7517158289993,1.0,6.198884193509002e-06,6.1988831435428435e-06,6.198883511387976e-06,6.198883738761651e-06,0.9234,19.523347408375468,0.2106027844019483,1.0676523993682172,5.865005128387637,0.9148,"simultaneous generation, line-flow, and ramping feasibility; power balance is reported separately as a numerical identity","[0.9067396690665541,0.9222234453998523]",4574,1.0,0.0,0.0,0.0,0.0,0.9656,10.11006466959208,0.07037481110191304,0.0,2.744543076517431,932726.492218317,933230.5100714992,902482.2825399389,961487.6943127321,17842.427112416426,5000,684.5081319808963,True,0.0,0.0,9.046325706331118e-05,0.0,0.0,0,0,True,0.0,0.0,1.1057648367048465,0.0,0.0,0,0,False,True,0.0,0.0,73.91904602946252,0.0,0.0,0,0,79.32343292236328,15.083695403950683,28.52117156982422,False,1.2701712174214563,1.2701712174214563,-1.2701712174214563,1.2701712174214563,1.2701712174214563,1,1,931283.8853029817,-20063.63445695839,951347.5197599401,,,,,,spatiotemporal expert joint forecast head,,native-center direct paired random 200,20260760,False,,,,,,,,,,,,,,,,,,,
35,2013-01-27T01:00:00.000000000,STDE-CDM,Witness-200,True,2026-07-28T07:50:09.106861+00:00,0.0001,206.01055002212524,953309.5084757579,2,1.0,217.683339573,1.0,6.1988853303773794e-06,6.198882635044356e-06,6.198883966135327e-06,6.198884420882678e-06,0.9978,4.642114684595182,0.0035382264340874385,0.0,0.0,0.997,"simultaneous generation, line-flow, and ramping feasibility; power balance is reported separately as a numerical identity","[0.9950558340443003,0.9981810702223441]",4985,1.0,0.0,0.0,0.0,0.0,0.999,2.0347203969714336,0.0009683084642541012,0.0,0.0,934748.6861454172,935222.9594592936,904667.4648192524,963321.9637606677,17723.855632066105,5000,684.5081319808573,True,0.0,0.0,9.046325638119015e-05,0.0,0.0,0,0,True,0.0,0.0,1.1751715877367523,0.0,0.0,0,0,True,True,0.0,0.0,74.0578595299445,0.0,0.0,0,0,79.32343292236328,11.248056176460754,28.52117156982422,True,0.0,0.0,3.4746793635270983,0.0,0.0,0,0,933234.1136458314,-20075.394829926314,953309.5084757577,6000,612,40260760,151,50260760,spatiotemporal expert joint forecast head,100,native-center constraint witnesses plus uniform core,,False,49,116,19,288,92,15,258,0,0,0,0,0,0,22,14,123,26,14,109
36,2013-07-26T01:00:00.000000000,Joint-CLDM,Initial-200,True,2026-07-28T07:53:49.530784+00:00,0.0001,197.51191592216492,743784.274244004,2,1.0,209.16829087299993,1.0,2.8610233357539983e-05,2.861022951783525e-05,2.8610231311176904e-05,2.861023199329793e-05,0.913,31.932455007555305,0.2694638242420539,1.58178095142288,6.888100973127607,0.9048,"simultaneous generation, line-flow, and ramping feasibility; power balance is reported separately as a numerical identity","[0.896351415928291,0.9126270525770162]",4524,1.0,0.0,0.0,0.0,0.0,0.9528,28.097282201489172,0.1276432324809481,0.0,4.398723123827353,744376.5376226719,743735.9078605366,713911.0037182803,776370.6288603814,19310.166600849414,5000,912.2607817649844,True,0.0,0.0,5.4223632812500005e-05,0.0,0.0,0,0,False,1.265566961157198,1.0425718414688987,-1.265566961157198,1.2559933397669447,4.170287365875595,4,1,False,True,0.0,0.0,75.1706472413924,0.0,0.0,0,0,65.62686157226562,11.680227978359918,38.0108642578125,True,0.0,0.0,3.697548265772639,0.0,0.0,0,0,753893.3187513684,10109.044507364742,743784.2742440037,,,,,,Joint CLDM distribution expert,,native-center direct paired random 200,20260761,False,,,,,,,,,,,,,,,,,,,
36,2013-07-26T01:00:00.000000000,Joint-CLDM,Witness-200,True,2026-07-28T07:57:13.237974+00:00,0.0001,191.5493631362915,746452.2661836327,2,1.0,203.12136539400035,1.0,2.861022994693485e-05,2.861022958754802e-05,2.8610229719561175e-05,2.861022994693485e-05,0.9988,8.751507976091993,0.004992803448575755,0.0,0.0,0.9988,"simultaneous generation, line-flow, and ramping feasibility; power balance is reported separately as a numerical identity","[0.9973842237074099,0.9994499168322325]",4994,1.0,0.0,0.0,0.0,0.0,0.9996,4.941021659520786,0.0010646491904415818,0.0,0.0,747219.0563268814,746570.5870277637,716872.2450771694,779355.4957312697,19348.19494009109,5000,912.2607817649838,True,0.0,0.0,5.4223632812500005e-05,0.0,0.0,0,0,True,0.0,0.0,1.223504025930545,0.0,0.0,0,0,True,True,0.0,0.0,89.39287003864655,0.0,0.0,0,0,65.62686157226562,6.941562610980439,38.0108642578125,True,0.0,0.0,2.88536871307123,0.0,0.0,0,0,757113.721676081,10661.45549244876,746452.2661836322,6000,580,40260761,146,50260761,Joint CLDM distribution expert,100,native-center constraint witnesses plus uniform core,,False,54,145,19,309,137,17,232,0,0,0,0,0,0,48,21,238,36,14,79
36,2013-07-26T01:00:00.000000000,STDE-CDM,Initial-200,True,2026-07-28T08:01:04.345419+00:00,0.0001,219.20657396316528,733317.2142269472,2,1.0,230.72170789099982,1.0,3.814697299731051e-05,3.814697278598942e-05,3.8146972883623675e-05,3.814697299731051e-05,0.9126,41.348171558223356,0.2841090023778869,1.5049474905289169,7.134838313848488,0.9052,"simultaneous generation, line-flow, and ramping feasibility; power balance is reported separately as a numerical identity","[0.8967663941553334,0.9130114601884176]",4526,1.0,0.0,0.0,0.0,0.0,0.9642,15.369862363767815,0.08732140623003068,0.0,2.9723467847199996,739897.8196690752,739411.400517728,712248.9096981782,768892.9527139693,17283.46114108406,5000,899.4845895767285,True,0.0,0.0,6.185302734375e-05,0.0,0.0,0,0,False,0.9778033157498953,0.502108202523113,-0.9778033157498953,0.9277749533267082,3.514757417661791,7,2,False,True,0.0,0.0,75.07334993969675,0.0,0.0,0,0,71.52981567382812,15.140488980356848,37.4785270690918,True,0.0,0.0,2.993734772875314,0.0,0.0,0,0,753236.8654611668,19919.651234220015,733317.2142269468,,,,,,spatiotemporal expert joint forecast head,,native-center direct paired random 200,20260761,False,,,,,,,,,,,,,,,,,,,
36,2013-07-26T01:00:00.000000000,STDE-CDM,Witness-200,True,2026-07-28T08:04:26.264043+00:00,0.0001,189.71871995925903,735831.4816881899,2,1.0,201.32006957999965,1.0,3.814697322468419e-05,3.8146972936988276e-05,3.814697299731051e-05,3.814697311099735e-05,0.998,8.460214253529763,0.004919014551800906,0.0,0.0,0.998,"simultaneous generation, line-flow, and ramping feasibility; power balance is reported separately as a numerical identity","[0.9963221157237114,0.998913253139043]",4990,1.0,0.0,0.0,0.0,0.0,0.9996,4.323702146208284,0.0013403636950421636,0.0,0.0,742503.9865422756,741967.9925299915,714814.6677167007,771499.9271453859,17310.506981932245,5000,899.4845895768613,True,0.0,0.0,6.185302802587103e-05,0.0,0.0,0,0,True,0.0,0.0,1.2086687489762262,0.0,0.0,0,0,True,True,0.0,0.0,83.29087793270477,0.0,0.0,0,0,71.52981567382812,8.868851965029418,37.4785270690918,True,0.0,0.0,4.212504357717796,0.0,0.0,0,0,756212.2271657732,20380.745477583376,735831.4816881898,6000,605,40260761,146,50260761,spatiotemporal expert joint forecast head,100,native-center constraint witnesses plus uniform core,,False,54,129,19,298,121,16,271,0,0,0,0,0,0,51,24,179,31,12,66
37,2013-07-07T01:00:00.000000000,Joint-CLDM,Initial-200,True,2026-07-28T08:08:17.963677+00:00,0.0001,208.6714289188385,1002557.2934408624,2,1.0,220.4099092309989,1.0,6.1988832840143004e-06,6.198883018350898e-06,6.1988832840143004e-06,6.1988832840143004e-06,0.9192,44.19399125032989,0.4171419781336215,1.6063848964571223,11.22822628414617,0.914,"simultaneous generation, line-flow, and ramping feasibility; power balance is reported separately as a numerical identity","[0.9059075036392141,0.9214568391503046]",4570,1.0,0.0,0.0,0.0,0.0,0.9582,26.34801756498367,0.15041383864699828,0.0,4.787151278846538,990457.4167160641,991663.2997089967,963266.2130087862,1013510.1797362563,15206.850313291312,5000,440.8143118619919,True,0.0,0.0,9.42779541015625e-05,0.0,0.0,0,0,True,0.0,0.0,1.1039633448522324,0.0,0.0,0,0,True,True,0.0,0.0,73.91544305150802,0.0,0.0,0,0,49.45154571533203,18.059689761171658,18.36726188659668,True,0.0,0.0,1.1039635651400737,0.0,0.0,0,0,995366.8635673763,-7190.4298734857,1002557.293440862,,,,,,Joint CLDM distribution expert,,native-center direct paired random 200,20260762,False,,,,,,,,,,,,,,,,,,,
37,2013-07-07T01:00:00.000000000,Joint-CLDM,Witness-200,True,2026-07-28T08:11:42.576202+00:00,0.0001,192.33739805221558,1003729.5562529226,2,1.0,204.0386582230003,1.0,6.198887376740458e-06,6.1988830735572265e-06,6.198884420882678e-06,6.1988853303773794e-06,0.996,26.6001374543339,0.016798022670218318,0.0,0.0,0.9952,"simultaneous generation, line-flow, and ramping feasibility; power balance is reported separately as a numerical identity","[0.9928674488726016,0.9967722191210447]",4976,1.0,0.0,0.0,0.0,0.0,0.998,2.647284867051642,0.002965359180822938,0.0,0.0,991765.8958454672,992979.0923016663,964730.5886159352,1014619.0334829248,15094.477241112982,5000,440.8143118619947,True,0.0,0.0,9.427795387418883e-05,0.0,0.0,0,0,True,0.0,0.0,1.1704504734035197,0.0,0.0,0,0,True,True,0.0,0.0,74.04841739303066,0.0,0.0,0,0,49.45154571533203,10.855298339367184,18.36726188659668,True,0.0,0.0,1.6500690791902812,0.0,0.0,0,0,996531.7644172271,-7197.7918356950395,1003729.5562529222,6000,472,40260762,159,50260762,Joint CLDM distribution expert,100,native-center constraint witnesses plus uniform core,,False,41,105,15,336,52,9,105,0,0,0,0,0,0,28,11,154,36,19,68
37,2013-07-07T01:00:00.000000000,STDE-CDM,Initial-200,True,2026-07-28T08:15:06.865502+00:00,0.0001,192.2687108516693,1000953.1671708974,2,1.0,203.9100541780008,1.0,7.629394758623675e-06,7.629394375703669e-06,7.62939453125e-06,7.629394644936838e-06,0.9176,36.189019393648174,0.28973907131175136,1.4849261935348643,7.2487143333033845,0.9128,"simultaneous generation, line-flow, and ramping feasibility; power balance is reported separately as a numerical identity","[0.9046596306716175,0.920306554602569]",4564,1.0,0.0,0.0,0.0,0.0,0.9644,21.236244262828098,0.09006549690247923,0.0,3.1696440263925365,990531.3500146737,991482.6191655132,966186.4283380371,1012029.9460750609,13754.1457229605,5000,462.07278585434017,True,0.0,0.0,8.855590843049868e-05,0.0,0.0,0,0,True,0.0,0.0,1.0858505027751022,0.0,0.0,0,0,True,True,0.0,0.0,73.87921740048424,0.0,0.0,0,0,56.50238037109375,21.7822160444659,19.253032684326172,True,0.0,0.0,1.0858512147917878,0.0,0.0,0,0,995149.966306186,-5803.200864710845,1000953.1671708969,,,,,,spatiotemporal expert joint forecast head,,native-center direct paired random 200,20260762,False,,,,,,,,,,,,,,,,,,,
37,2013-07-07T01:00:00.000000000,STDE-CDM,Witness-200,True,2026-07-28T08:18:15.266987+00:00,0.0001,176.01492190361023,1001902.1154382622,2,1.0,187.82683918400107,1.0,7.629395213371026e-06,7.629394315426907e-06,7.629394758623675e-06,7.629394872310513e-06,0.9902,43.92350193263566,0.032993696659495975,0.0,0.0,0.9898,"simultaneous generation, line-flow, and ramping feasibility; power balance is reported separately as a numerical identity","[0.9866146950734956,0.9922332641011572]",4949,1.0,0.0,0.0,0.0,0.0,0.9982,12.004094851764524,0.004804427957726866,0.0,0.0,991522.2410355454,992502.1919306582,967347.7851264739,1012786.970387658,13641.927213899866,5000,462.0727858543119,True,0.0,0.0,8.855590808943817e-05,0.0,0.0,0,0,True,0.0,0.0,1.1560651434650957,0.0,0.0,0,0,True,True,0.0,0.0,74.01964664081515,0.0,0.0,0,0,56.50238037109375,15.844550433740643,19.253032684326172,True,0.0,0.0,1.5744875679941117,0.0,0.0,0,0,996038.9211561391,-5863.194282122655,1001902.1154382618,6000,494,40260762,162,50260762,spatiotemporal expert joint forecast head,100,native-center constraint witnesses plus uniform core,,False,38,87,16,338,48,8,127,0,0,0,0,0,0,21,8,108,27,18,60
38,2012-03-16T01:00:00.000000000,Joint-CLDM,Initial-200,True,2026-07-28T08:21:42.978303+00:00,0.0001,184.80084204673767,883234.2665521598,2,1.0,196.43124933699983,1.0,1.2397767704896978e-05,1.2397766311960368e-05,1.2397766795402276e-05,1.2397767022775952e-05,0.8766,22.428442795414075,0.3623193185270144,2.577162207623698,7.141606683507262,0.8702,"simultaneous generation, line-flow, and ramping feasibility; power balance is reported separately as a numerical identity","[0.8605994556727998,0.8792321378071031]",4351,1.0,0.0,0.0,0.0,0.0,0.9524,7.67522240303926,0.0698140610350887,0.0,2.2364364468038542,879703.7162280468,880066.4938508775,843707.9285947158,914309.195655109,21030.620924090676,5000,539.2167339324981,True,0.0,0.0,8.188018776090758e-05,0.0,0.0,0,0,False,0.48382881347223616,0.4613814490239321,-0.48382881347223616,0.4827629708849187,1.8455257960957283,4,1,False,True,0.0,0.0,73.99405623357367,0.0,0.0,0,0,72.8348617553711,13.893227737081865,22.467363357543945,True,0.0,0.0,1.7322328678954797,0.0,0.0,0,0,898470.8987917993,15236.632239639759,883234.2665521596,,,,,,Joint CLDM distribution expert,,native-center direct paired random 200,20260763,False,,,,,,,,,,,,,,,,,,,
38,2012-03-16T01:00:00.000000000,Joint-CLDM,Witness-200,True,2026-07-28T08:25:01.612066+00:00,0.0001,186.54280400276184,886272.4243924627,2,1.0,198.07615689499835,1.0,1.2397767022775952e-05,1.2397766531694287e-05,1.2397766795402276e-05,1.2397766795402276e-05,0.9966,8.270169978916137,0.006515397582702991,0.0,0.0,0.9964,"simultaneous generation, line-flow, and ramping feasibility; power balance is reported separately as a numerical identity","[0.9943162662634123,0.997721559245566]",4982,1.0,0.0,0.0,0.0,0.0,0.9992,1.678343226926497,0.0007641799359440497,0.0,0.0,882762.2111385093,883183.4571040582,847058.9868660357,916866.2389779207,20799.834258749368,5000,539.2167339324948,True,0.0,0.0,8.188018776090758e-05,0.0,0.0,0,0,True,0.0,0.0,1.2265124582834979,0.0,0.0,0,0,True,True,0.0,0.0,74.89669407951652,0.0,0.0,0,0,72.8348617553711,9.338014612982416,22.467363357543945,True,0.0,0.0,4.859347350971969,0.0,0.0,0,0,901380.1618445355,15107.73745207314,886272.4243924624,6000,765,40260763,154,50260763,Joint CLDM distribution expert,100,native-center constraint witnesses plus uniform core,,False,46,145,17,445,123,19,291,0,0,0,0,0,0,26,11,106,37,17,182
38,2012-03-16T01:00:00.000000000,STDE-CDM,Initial-200,True,2026-07-28T08:28:33.890491+00:00,0.0001,200.4660289287567,871249.9875941197,2,1.0,211.90034385199942,1.0,1.5258789403560513e-05,1.5258789052495558e-05,1.5258789176186838e-05,1.5258789289873675e-05,0.8852,21.366761120372217,0.30787141084466946,2.15766251653798,6.2078877186792445,0.8768,"simultaneous generation, line-flow, and ramping feasibility; power balance is reported separately as a numerical identity","[0.8673996272052595,0.8856218326089691]",4384,1.0,0.0,0.0,0.0,0.0,0.9508,12.805983961078365,0.07126955328678719,0.0,2.1547054658013636,878709.0895879576,878834.6247880852,845416.4371863129,911120.7108885556,19686.873168567887,5000,671.025164604186,True,0.0,0.0,7.520446765975067e-05,0.0,0.0,0,0,False,0.5037285904118036,0.42102175915105455,-0.5037285904118036,0.5026743100478889,1.6840870366042182,4,1,False,True,0.0,0.0,73.9263988423173,0.0,0.0,0,0,91.75978088378906,18.302472715799087,27.959381103515625,True,0.0,0.0,1.260946322374643,0.0,0.0,0,0,898186.2382676243,26936.250673505012,871249.9875941193,,,,,,spatiotemporal expert joint forecast head,,native-center direct paired random 200,20260763,False,,,,,,,,,,,,,,,,,,,
38,2012-03-16T01:00:00.000000000,STDE-CDM,Witness-200,True,2026-07-28T08:32:04.916662+00:00,0.0001,198.90663599967957,873867.2628189479,2,1.0,210.4734461930002,1.0,1.5258789403560513e-05,1.525878904046749e-05,1.5258789176186838e-05,1.5258789289873675e-05,0.9966,7.243789463795718,0.006103202633438285,0.0,0.0,0.9962,"simultaneous generation, line-flow, and ramping feasibility; power balance is reported separately as a numerical identity","[0.9940722714406638,0.9975658611490925]",4981,1.0,0.0,0.0,0.0,0.0,0.9986,4.06650590817129,0.0026173905099058695,0.0,0.0,881244.0597861818,881359.7142302035,848245.6606076478,913372.0079012832,19517.335145264104,5000,671.025164604122,True,0.0,0.0,7.52044677734375e-05,0.0,0.0,0,0,True,0.0,0.0,1.1970055341409882,0.0,0.0,0,0,True,True,0.0,0.0,74.10152743678543,0.0,0.0,0,0,91.75978088378906,12.280878273361171,27.959381103515625,True,0.0,0.0,4.22292561895226,0.0,0.0,0,0,900539.9601592495,26672.697340301936,873867.2628189476,6000,700,40260763,154,50260763,spatiotemporal expert joint forecast head,100,native-center constraint witnesses plus uniform core,,False,46,136,17,438,107,19,231,0,0,0,0,0,0,26,14,89,28,14,175
39,2012-11-28T01:00:00.000000000,Joint-CLDM,Initial-200,True,2026-07-28T08:35:54.378016+00:00,0.0001,206.57523894309998,921822.122297214,2,1.0,218.2282546869992,1.0,2.6702880973061838e-05,2.6702880658353932e-05,2.6702880745688162e-05,2.6702880859375e-05,0.9284,36.461086868840006,0.32217508659238764,1.23585366704301,8.328911400867366,0.9224,"simultaneous generation, line-flow, and ramping feasibility; power balance is reported separately as a numerical identity","[0.9146557557282897,0.9294956896685524]",4612,1.0,0.0,0.0,0.0,0.0,0.9518,22.365222615609273,0.12243752838099208,0.0,3.6835079044556864,914604.9037310648,914951.0961246511,885527.4753156402,942149.8771668645,17570.71660270239,5000,901.5249605178833,True,0.0,0.0,8.092651378556184e-05,0.0,0.0,0,0,False,1.1694311511619162,0.8900494061394262,-1.1694311511619162,1.1143789135466349,4.450247030697131,5,1,False,True,0.0,0.0,73.95503482217734,0.0,0.0,0,0,135.0241241455078,20.146797046321105,37.563541412353516,False,1.2527219831343466,0.7320429707823841,-1.2527219831343466,1.2006540818991502,1.4640859415647682,2,1,910236.6943941477,-11585.427903065807,921822.1222972135,,,,,,Joint CLDM distribution expert,,native-center direct paired random 200,20260764,False,,,,,,,,,,,,,,,,,,,
39,2012-11-28T01:00:00.000000000,Joint-CLDM,Witness-200,True,2026-07-28T08:39:12.100116+00:00,0.0001,185.54502081871033,924135.2243980723,2,1.0,197.1080790799988,1.0,2.6702880973061838e-05,2.6702880578022815e-05,2.6702880745688162e-05,2.6702880745688162e-05,0.9974,22.32853014939348,0.014975082232519634,0.0,0.0,0.997,"simultaneous generation, line-flow, and ramping feasibility; power balance is reported separately as a numerical identity","[0.9950558340443003,0.9981810702223441]",4985,1.0,0.0,0.0,0.0,0.0,0.9988,7.505699040833832,0.004566020077694473,0.0,0.0,917046.1220013212,917368.9606777378,888282.0704658468,944352.9721538394,17380.950911900483,5000,901.5249605178833,True,0.0,0.0,8.092651412662236e-05,0.0,0.0,0,0,True,0.0,0.0,1.2048520386864752,0.0,0.0,0,0,True,True,0.0,0.0,74.41945379510847,0.0,0.0,0,0,135.0241241455078,13.81084483551951,37.563541412353516,True,0.0,0.0,3.307064302806861,0.0,0.0,0,0,912869.2374294576,-11265.986968614277,924135.2243980719,6000,547,40260764,158,50260764,Joint CLDM distribution expert,100,native-center constraint witnesses plus uniform core,,False,42,131,17,296,84,12,218,0,0,0,0,0,0,51,24,292,28,13,62
39,2012-11-28T01:00:00.000000000,STDE-CDM,Initial-200,True,2026-07-28T08:42:21.524319+00:00,0.0001,177.53138399124146,926861.9271711297,2,1.0,189.04050047499913,1.0,1.3351440884434851e-05,1.3351440609721976e-05,1.3351440657061175e-05,1.3351440770748013e-05,0.9198,26.546442945991238,0.2834694694681851,1.2316562952897139,7.673278912189887,0.912,"simultaneous generation, line-flow, and ramping feasibility; power balance is reported separately as a numerical identity","[0.9038279618505742,0.9195394517467246]",4560,1.0,0.0,0.0,0.0,0.0,0.954,13.314647874369854,0.10794337632671941,0.0,3.4165007127026232,914500.2772035175,914876.0746794515,885180.6841193162,942345.1441573019,17676.93027642116,5000,659.6613607406618,True,0.0,0.0,7.711181629256317e-05,0.0,0.0,0,0,True,0.0,0.0,1.1288673113552115,0.0,0.0,0,0,True,True,0.0,0.0,73.96525097807316,0.0,0.0,0,0,84.44047546386719,12.417346295692354,27.485891342163086,True,0.0,0.0,1.029062905808086,0.0,0.0,0,0,909816.3763413088,-17045.55082982045,926861.9271711293,,,,,,spatiotemporal expert joint forecast head,,native-center direct paired random 200,20260764,False,,,,,,,,,,,,,,,,,,,
39,2012-11-28T01:00:00.000000000,STDE-CDM,Witness-200,True,2026-07-28T08:45:45.166784+00:00,0.0001,191.43191814422607,929220.9104432288,2,1.0,203.06369198999892,1.0,1.335144293079793e-05,1.3351440485712373e-05,1.3351441225495364e-05,1.3351441793929553e-05,0.9984,4.757024724044058,0.0035980804311432513,0.0,0.0,0.9984,"simultaneous generation, line-flow, and ramping feasibility; power balance is reported separately as a numerical identity","[0.9968457298409374,0.9991890248602608]",4992,1.0,0.0,0.0,0.0,0.0,1.0,0.0,0.0,0.0,0.0,916879.5441028908,917219.3380518449,887744.6720868433,944677.879232145,17563.847627150106,5000,659.661360740678,True,0.0,0.0,7.711181606518949e-05,0.0,0.0,0,0,True,0.0,0.0,1.1984082926269224,0.0,0.0,0,0,True,True,0.0,0.0,74.40656576125107,0.0,0.0,0,0,84.44047546386719,9.201946502697467,27.485891342163086,True,0.0,0.0,3.622722880505229,0.0,0.0,0,0,912517.4852606582,-16703.42518257012,929220.9104432283,6000,572,40260764,162,50260764,spatiotemporal expert joint forecast head,100,native-center constraint witnesses plus uniform core,,False,38,133,18,250,92,12,276,0,0,0,0,0,0,45,19,257,24,8,73
40,2013-04-21T01:00:00.000000000,Joint-CLDM,Initial-200,True,2026-07-28T08:50:08.807253+00:00,0.0001,240.47296380996704,661095.0248496002,2,1.0,252.4146304450005,1.0,3.814697504367359e-05,3.814697288273692e-05,3.81469735657447e-05,3.814697413417889e-05,0.9122,19.08857364153839,0.23160231373517398,1.439276847332638,5.713102359024232,0.896,"simultaneous generation, line-flow, and ramping feasibility; power balance is reported separately as a numerical identity","[0.8872325415536887,0.904159438505851]",4480,1.0,0.0,0.0,0.0,0.0,0.9464,7.79563496291949,0.08335239588139959,0.10151310139544419,2.593379632425292,667494.6640566331,666560.8737302463,638741.2297894647,700358.5112368353,18677.675216598433,5000,752.6765384673988,True,0.0,0.0,6.185302779849736e-05,0.0,0.0,0,0,True,0.0,0.0,1.1721471007714328,0.0,0.0,0,0,True,True,0.0,0.0,83.93266474433204,0.0,0.0,0,0,76.31140899658203,11.880692798479847,31.361520767211914,True,0.0,0.0,1.2422005655748336,0.0,0.0,0,0,652826.9188604734,-8268.105989126372,661095.0248495998,,,,,,Joint CLDM distribution expert,,native-center direct paired random 200,20260765,False,,,,,,,,,,,,,,,,,,,
40,2013-04-21T01:00:00.000000000,Joint-CLDM,Witness-200,True,2026-07-28T08:53:45.579974+00:00,0.0001,204.27297282218933,664573.7921301154,2,1.0,216.17154080599903,1.0,3.814697276993684e-05,3.814697264849656e-05,3.814697276993684e-05,3.814697276993684e-05,0.9978,1.7090162782076135,0.0015988392873711775,0.0,0.0,0.9976,"simultaneous generation, line-flow, and ramping feasibility; power balance is reported separately as a numerical identity","[0.9958094485807385,0.9986265344435719]",4988,1.0,0.0,0.0,0.0,0.0,0.999,1.165967207385492,0.0004594531310514938,0.0,0.0,670996.0349093617,670056.5061291486,642145.4740359661,703924.0539279231,18746.759969852956,5000,752.6765384674131,True,0.0,0.0,6.185302745743684e-05,0.0,0.0,0,0,True,0.0,0.0,1.22270672868898,0.0,0.0,0,0,True,True,0.0,0.0,91.44916090428838,0.0,0.0,0,0,76.31140899658203,7.759702638399649,31.361520767211914,True,0.0,0.0,3.714696619333637,0.0,0.0,0,0,656254.7736756923,-8319.018454422709,664573.792130115,6000,678,40260765,143,50260765,Joint CLDM distribution expert,100,native-center constraint witnesses plus uniform core,,False,57,158,19,273,170,15,306,0,0,0,0,0,0,43,23,129,53,22,230
40,2013-04-21T01:00:00.000000000,STDE-CDM,Initial-200,True,2026-07-28T08:57:37.000227+00:00,0.0001,219.20644283294678,666481.8213417683,2,1.0,231.0181529140009,1.0,2.4795594754323247e-05,2.479553826242409e-05,2.4795562467261334e-05,2.4795571337108414e-05,0.9102,24.5422222456935,0.24243203390443063,1.390790727032302,5.63144430027437,0.8962,"simultaneous generation, line-flow, and ramping feasibility; power balance is reported separately as a numerical identity","[0.8874395714278832,0.9043521015508783]",4481,1.0,0.0,0.0,0.0,0.0,0.9486,18.851239736509736,0.09249813872344367,0.02745634224900329,2.8094572176247365,662047.7208309906,661330.8795106399,635302.605628317,691232.1278140701,16917.700907516628,5000,648.5227909086221,True,0.0,0.0,4.6594227253626746e-05,0.0,0.0,0,0,True,0.0,0.0,1.2027978534130348,0.0,0.0,0,0,True,True,0.0,0.0,83.97951712330618,0.0,0.0,0,0,78.33995819091797,11.870573885618748,27.02178192138672,True,0.0,0.0,1.2027978981560707,0.0,0.0,0,0,652306.4527287423,-14175.36861302564,666481.8213417679,,,,,,spatiotemporal expert joint forecast head,,native-center direct paired random 200,20260765,False,,,,,,,,,,,,,,,,,,,
40,2013-04-21T01:00:00.000000000,STDE-CDM,Witness-200,True,2026-07-28T09:01:08.219027+00:00,0.0001,198.75047898292542,669569.0415572233,2,1.0,210.6396343079996,1.0,2.4795532453936175e-05,2.4795532241569162e-05,2.4795532453936175e-05,2.4795532453936175e-05,0.9948,6.656986973824196,0.006391667228735627,0.0,0.0,0.9946,"simultaneous generation, line-flow, and ramping feasibility; power balance is reported separately as a numerical identity","[0.9921545307177468,0.9962860585182338]",4973,1.0,0.0,0.0,0.0,0.0,0.9972,3.4644789495364847,0.0022293479293647002,0.0,0.0,664889.1710351468,664136.3710942769,637924.0599208124,694316.644288497,17074.27968005677,5000,648.5227909088151,True,0.0,0.0,4.659423839493684e-05,0.0,0.0,0,0,True,0.0,0.0,1.2337232446308093,0.0,0.0,0,0,True,True,0.0,0.0,89.79252498491566,0.0,0.0,0,0,78.33995819091797,7.858362893319823,27.02178192138672,True,0.0,0.0,2.3130019362416903,0.0,0.0,0,0,655117.5665223519,-14451.475034871022,669569.041557223,6000,663,40260765,141,50260765,spatiotemporal expert joint forecast head,100,native-center constraint witnesses plus uniform core,,False,59,128,21,246,155,19,308,0,0,0,0,0,0,30,18,125,58,26,227
41,2012-01-02T01:00:00.000000000,Joint-CLDM,Initial-200,True,2026-07-28T09:04:51.146822+00:00,0.0001,199.87779116630554,902406.9714169245,2,1.0,211.57347378799932,1.0,1.1444095434853807e-05,1.1444091528119316e-05,1.1444093388490728e-05,1.144409429798543e-05,0.8654,30.753481196571112,0.48303636542271006,3.536483587576515,9.314117834508403,0.8606,"simultaneous generation, line-flow, and ramping feasibility; power balance is reported separately as a numerical identity","[0.8507223319619975,0.86992400139525]",4303,1.0,0.0,0.0,0.0,0.0,0.9582,16.584909300404064,0.09000679088128208,0.0,2.9794177685536254,896184.3766404334,896593.9580634837,863199.0242244333,927346.6053183635,19578.5946678414,5000,1198.9062919616722,True,0.0,0.0,6.5667724609375e-05,0.0,0.0,0,0,False,5.061800981607554,4.3740917010621745,-5.061800981607554,5.008023921352864,26.244550206373045,6,1,False,True,0.0,0.0,73.94114119970428,0.0,0.0,0,0,145.1437530517578,24.16322555101951,49.95442581176758,True,0.0,0.0,1.1168150755883381,0.0,0.0,0,0,867263.1926302923,-35143.778786632,902406.9714169243,,,,,,Joint CLDM distribution expert,,native-center direct paired random 200,20260766,False,,,,,,,,,,,,,,,,,,,
41,2012-01-02T01:00:00.000000000,Joint-CLDM,Witness-200,True,2026-07-28T09:08:10.057218+00:00,0.0001,186.71499300003052,905044.5049448237,2,1.0,198.35030188100063,1.0,1.1444091796875e-05,1.1444091535145162e-05,1.1444091569501325e-05,1.1444091569501325e-05,0.998,6.684902717614232,0.004855722087729584,0.0,0.0,0.9978,"simultaneous generation, line-flow, and ramping feasibility; power balance is reported separately as a numerical identity","[0.9960645913506854,0.998771084592847]",4989,1.0,0.0,0.0,0.0,0.0,0.9994,2.7584267650407597,0.000881917972479507,0.0,0.0,898903.6387243904,899306.5910846103,866346.8804842241,929670.6450968472,19348.918784663547,5000,1198.9062919616722,True,0.0,0.0,6.566772495043552e-05,0.0,0.0,0,0,True,0.0,0.0,1.1982353532215946,0.0,0.0,0,0,True,True,0.0,0.0,74.10398706478585,0.0,0.0,0,0,145.1437530517578,15.072385596312802,49.95442581176758,True,0.0,0.0,5.650765287099176,0.0,0.0,0,0,870302.0140226877,-34742.49092213565,905044.5049448233,6000,821,40260766,149,50260766,Joint CLDM distribution expert,100,native-center constraint witnesses plus uniform core,,False,51,142,19,518,95,18,291,0,0,0,0,0,0,26,13,132,43,20,127
41,2012-01-02T01:00:00.000000000,STDE-CDM,Initial-200,True,2026-07-28T09:11:45.326952+00:00,0.0001,203.38921189308167,887890.5714695728,2,1.0,214.8864105019984,1.0,1.9073486555498675e-05,1.9073486072647937e-05,1.9073486214438162e-05,1.9073486328125e-05,0.867,33.101630651687,0.43561103780270405,3.1627987261899486,8.893006258155864,0.8626,"simultaneous generation, line-flow, and ramping feasibility; power balance is reported separately as a numerical identity","[0.8527787556273163,0.8718645069221511]",4313,1.0,0.0,0.0,0.0,0.0,0.9538,12.549479934109442,0.08953235410831091,0.0,3.090923061075665,890143.2082087707,890428.9024781807,858505.5016942848,920889.5179390085,19107.745634154508,5000,1139.527173042241,True,0.0,0.0,5.803833030549868e-05,0.0,0.0,0,0,False,6.159686492146882,3.70551109686735,-6.159686492146882,6.046037716646565,37.0551109686735,10,2,False,True,0.0,0.0,73.91127428945225,0.0,0.0,0,0,148.99974060058594,30.66492124499612,47.48029708862305,True,0.0,0.0,0.7309544381577773,0.0,0.0,0,0,867329.0881887944,-20561.483280778164,887890.5714695726,,,,,,spatiotemporal expert joint forecast head,,native-center direct paired random 200,20260766,False,,,,,,,,,,,,,,,,,,,
41,2012-01-02T01:00:00.000000000,STDE-CDM,Witness-200,True,2026-07-28T09:15:09.092494+00:00,0.0001,191.5899178981781,890299.6714200217,2,1.0,203.17790797499947,1.0,1.9073486328125e-05,1.9073486169236276e-05,1.9073486328125e-05,1.9073486328125e-05,0.9978,7.55999784325132,0.00384796842069944,0.0,0.0,0.9976,"simultaneous generation, line-flow, and ramping feasibility; power balance is reported separately as a numerical identity","[0.9958094485807385,0.9986265344435719]",4988,1.0,0.0,0.0,0.0,0.0,0.9996,1.919203649721105,0.0004689696357563534,0.0,0.0,892527.4327251144,892802.4110670509,861269.9185111499,922890.6415074102,18888.342621175278,5000,1139.5271730422994,True,0.0,0.0,5.803833030549868e-05,0.0,0.0,0,0,True,0.0,0.0,1.1946414097024771,0.0,0.0,0,0,True,True,0.0,0.0,74.09679930412713,0.0,0.0,0,0,148.99974060058594,19.55760023651365,47.48029708862305,True,0.0,0.0,6.1013063121865905,0.0,0.0,0,0,869933.9558448029,-20365.715575218434,890299.6714200213,6000,815,40260766,152,50260766,spatiotemporal expert joint forecast head,100,native-center constraint witnesses plus uniform core,,False,48,140,20,519,90,16,283,0,0,0,0,0,0,23,11,119,43,22,190
42,2012-09-28T01:00:00.000000000,Joint-CLDM,Initial-200,True,2026-07-28T09:19:30.770647+00:00,0.0001,238.54750990867615,548315.9290426297,2,1.0,250.37251533400013,1.0,3.051757960292889e-05,3.0517577702335076e-05,3.051757869343419e-05,3.05175790344947e-05,0.9108,28.511488865126125,0.4018687354905901,1.931569782649599,12.021387561347892,0.9016,"simultaneous generation, line-flow, and ramping feasibility; power balance is reported separately as a numerical identity","[0.8930331434631876,0.9095502383345676]",4508,1.0,0.0,0.0,0.0,0.0,0.9508,17.29612472785499,0.1573830994733024,0.0,5.267679752045191,561546.9034507954,559875.9313217108,539135.6617984443,588881.382343138,15119.660289221109,5000,589.4277420044033,True,0.0,0.0,5.422363258512633e-05,0.0,0.0,0,0,True,0.0,0.0,1.2002680197910331,0.0,0.0,0,0,True,True,0.0,0.0,100.73119422151531,0.0,0.0,0,0,107.62239837646484,14.452769754334318,24.55948829650879,True,0.0,0.0,1.370838753941566,0.0,0.0,0,0,555034.7739140356,6718.844871406443,548315.9290426292,,,,,,Joint CLDM distribution expert,,native-center direct paired random 200,20260767,False,,,,,,,,,,,,,,,,,,,
42,2012-09-28T01:00:00.000000000,Joint-CLDM,Witness-200,True,2026-07-28T09:23:07.416143+00:00,0.0001,204.3048059940338,550942.3272143507,2,1.0,216.05128447199968,1.0,3.051757823868684e-05,3.0517578075568963e-05,3.0517578125e-05,3.0517578125e-05,0.995,9.651852424592786,0.015015282247919131,0.0,0.0,0.9944,"simultaneous generation, line-flow, and ramping feasibility; power balance is reported separately as a numerical identity","[0.9919182789550024,0.996122617361756]",4972,1.0,0.0,0.0,0.0,0.0,0.9984,4.657177188090152,0.0022254832772204297,0.0,0.0,564329.7362892216,562633.0390031522,541613.993701874,591904.3547581193,15319.352568565148,5000,589.4277420043956,True,0.0,0.0,5.422363258512633e-05,0.0,0.0,0,0,True,0.0,0.0,1.2179917365664492,0.0,0.0,0,0,True,True,0.0,0.0,94.29280891270346,0.0,0.0,0,0,107.62239837646484,9.874688295766806,24.55948829650879,True,0.0,0.0,3.018213708442877,0.0,0.0,0,0,557876.0312764065,6933.704062056262,550942.3272143502,6000,588,40260767,140,50260767,Joint CLDM distribution expert,100,native-center constraint witnesses plus uniform core,,False,60,113,18,182,157,18,351,0,0,0,0,0,0,55,21,143,55,23,149
42,2012-09-28T01:00:00.000000000,STDE-CDM,Initial-200,True,2026-07-28T09:27:04.382144+00:00,0.0001,224.85886311531067,546485.5325006053,2,1.0,236.55809600199973,1.0,3.0517719096678775e-05,3.05175913466428e-05,3.051764065276075e-05,3.051766896646768e-05,0.913,35.34567058708556,0.3916643612409682,2.066740685959717,11.388211803702227,0.905,"simultaneous generation, line-flow, and ramping feasibility; power balance is reported separately as a numerical identity","[0.8965588995625561,0.9128192618619732]",4525,1.0,0.0,0.0,0.0,0.0,0.9572,17.48155976582755,0.12299647247486314,0.0,4.42060799273091,551522.7719679241,550423.2312313209,533126.0973618358,574096.2750749144,12511.123898662428,5000,557.0514965051423,True,0.0,0.0,5.4223632357752654e-05,0.0,0.0,0,0,True,0.0,0.0,1.2027978532532746,0.0,0.0,0,0,True,True,0.0,0.0,102.32684655650637,0.0,0.0,0,0,103.86357879638672,14.314077752489597,23.210479736328125,True,0.0,0.0,1.202798655130696,0.0,0.0,0,0,554484.6167562988,7999.084255693946,546485.5325006049,,,,,,spatiotemporal expert joint forecast head,,native-center direct paired random 200,20260767,False,,,,,,,,,,,,,,,,,,,
42,2012-09-28T01:00:00.000000000,STDE-CDM,Witness-200,True,2026-07-28T09:30:45.918774+00:00,0.0001,209.15354299545288,548778.0565682157,2,1.0,220.93438289000005,1.0,3.051757926186838e-05,3.051757838318281e-05,3.0517578807121026e-05,3.0517578920807864e-05,0.9952,10.095736700846004,0.008270163831347247,0.0,0.0,0.9952,"simultaneous generation, line-flow, and ramping feasibility; power balance is reported separately as a numerical identity","[0.9928674488726016,0.9967722191210447]",4976,1.0,0.0,0.0,0.0,0.0,0.9996,2.0998252801489876,0.0004474806744242933,0.0,0.0,553901.0042031999,552807.0726921501,535130.5317385744,577047.7079627299,12778.565700417768,5000,557.0514965057553,True,0.0,0.0,5.422363303987368e-05,0.0,0.0,0,0,True,0.0,0.0,1.2051562614067652,0.0,0.0,0,0,True,True,0.0,0.0,92.14155117702103,0.0,0.0,0,0,103.86357879638672,10.526291196301887,23.210479736328125,True,0.0,0.0,3.402172814727713,0.0,0.0,0,0,556870.4731500476,8092.416581832222,548778.0565682154,6000,582,40260767,146,50260767,spatiotemporal expert joint forecast head,100,native-center constraint witnesses plus uniform core,,False,54,84,17,169,140,18,361,0,0,0,0,0,0,58,23,128,51,22,138
43,2013-02-23T01:00:00.000000000,Joint-CLDM,Initial-200,True,2026-07-28T09:34:26.490738+00:00,0.0001,197.63872694969177,955471.2258080507,2,1.0,209.3242872869996,1.0,5.722046353184851e-06,5.722045860466096e-06,5.7220461258111754e-06,5.7220461258111754e-06,0.9206,25.98901325440605,0.2826916604331293,1.5295465368641448,7.7467879854246915,0.9142,"simultaneous generation, line-flow, and ramping feasibility; power balance is reported separately as a numerical identity","[0.9061155260993002,0.9216485096094403]",4571,1.0,0.0,0.0,0.0,0.0,0.975,15.298745858657366,0.05792842365108899,0.0,2.1731915721955284,946829.3877515554,948165.9309093612,912215.9874676407,977919.2357797234,19892.455162830203,5000,1602.3892946243286,True,0.0,0.0,7.711181663362368e-05,0.0,0.0,0,0,False,7.780234675408189,2.5045079277897284,-7.780234675408189,7.6017869691933315,65.11720612253293,26,5,False,True,0.0,0.0,73.82542388351402,0.0,0.0,0,0,146.3363037109375,26.92563586761013,66.76622009277344,False,1.6039319057851813,1.3101115624998814,-1.6039319057851813,1.6032741487678555,5.2404462499995255,4,1,924648.3034554373,-30822.922352613066,955471.2258080504,,,,,,Joint CLDM distribution expert,,native-center direct paired random 200,20260768,False,,,,,,,,,,,,,,,,,,,
43,2013-02-23T01:00:00.000000000,Joint-CLDM,Witness-200,True,2026-07-28T09:37:40.125877+00:00,0.0001,181.425705909729,957179.5531993104,2,1.0,193.05751400199915,1.0,5.722046353184851e-06,5.722045842003354e-06,5.7220461258111754e-06,5.7220461258111754e-06,0.9954,8.197503581098761,0.006819216493447884,0.0,0.0,0.9936,"simultaneous generation, line-flow, and ramping feasibility; power balance is reported separately as a numerical identity","[0.9909793127483129,0.9954628118915578]",4968,1.0,0.0,0.0,0.0,0.0,0.9966,2.7786516679511664,0.002532444797750644,0.0,0.0,948659.0039910839,949995.364780505,914354.3456177046,979400.5512810696,19655.88920540497,5000,1602.3892946243298,True,0.0,0.0,7.711181640625e-05,0.0,0.0,0,0,True,0.0,0.0,1.1654905049471047,0.0,0.0,0,0,True,True,0.0,0.0,74.0384973696882,0.0,0.0,0,0,146.3363037109375,20.49712493944331,66.76622009277344,True,0.0,0.0,5.085787327020629,0.0,0.0,0,0,927267.7848383073,-29911.768361002905,957179.5531993102,6000,530,40260768,155,50260768,Joint CLDM distribution expert,100,native-center constraint witnesses plus uniform core,,False,45,117,21,420,55,11,76,0,0,0,0,0,0,19,10,85,26,14,84
43,2013-02-23T01:00:00.000000000,STDE-CDM,Initial-200,True,2026-07-28T09:41:29.269249+00:00,0.0001,217.1892330646515,927347.0475610967,2,1.0,228.76194787199893,1.0,1.2397767022775952e-05,1.2397766544927436e-05,1.2397766795402276e-05,1.2397766795402276e-05,0.9276,22.18830178818912,0.21389035534350706,0.8821077099068411,6.041069586770337,0.9184,"simultaneous generation, line-flow, and ramping feasibility; power balance is reported separately as a numerical identity","[0.9104869648159125,0.92567062219649]",4592,1.0,0.0,0.0,0.0,0.0,0.9718,12.75375478906368,0.05485564907153523,0.0,2.161582315778587,935564.004436322,936584.5641162627,901483.9619653415,966608.8841640367,19755.210158314356,5000,1371.861152648979,True,0.0,0.0,8.47412091185106e-05,0.0,0.0,0,0,False,2.6293798278689353,1.0518695851614703,-2.6293798278689353,2.5679937908130945,24.19300045871382,23,5,False,True,0.0,0.0,73.89645849297133,0.0,0.0,0,0,126.79110717773438,21.355416863972955,57.1608772277832,True,0.0,0.0,0.12197888191317219,0.0,0.0,0,0,924893.9931312979,-2453.054429798387,927347.0475610963,,,,,,spatiotemporal expert joint forecast head,,native-center direct paired random 200,20260768,False,,,,,,,,,,,,,,,,,,,
43,2013-02-23T01:00:00.000000000,STDE-CDM,Witness-200,True,2026-07-28T09:44:50.613768+00:00,0.0001,189.17069721221924,928916.2685357713,2,1.0,200.78735695700016,1.0,1.2397766795402276e-05,1.2397766400408727e-05,1.2397766568028601e-05,1.2397766795402276e-05,0.993,8.3544044468176,0.009447798376675596,0.0,0.0,0.9896,"simultaneous generation, line-flow, and ramping feasibility; power balance is reported separately as a numerical identity","[0.9863882308918167,0.9920600353636141]",4948,1.0,0.0,0.0,0.0,0.0,0.9938,4.427095878919676,0.00721905868816973,0.0,0.0,937062.9480879884,938074.9355074662,903253.4031761311,967794.1787679758,19580.35155978448,5000,1371.8611526489258,True,0.0,0.0,8.474121071012633e-05,0.0,0.0,0,0,True,0.0,0.0,1.162698854668232,0.0,0.0,0,0,True,True,0.0,0.0,74.03291406333125,0.0,0.0,0,0,126.79110717773438,17.4253526976938,57.1608772277832,True,0.0,0.0,2.9195285495842924,0.0,0.0,0,0,926805.2026257352,-2111.0659100357443,928916.2685357709,6000,503,40260768,155,50260768,spatiotemporal expert joint forecast head,100,native-center constraint witnesses plus uniform core,,False,45,120,20,353,70,14,92,0,0,0,0,0,0,13,9,116,21,12,73
44,2013-08-01T01:00:00.000000000,Joint-CLDM,Initial-200,True,2026-07-28T09:48:45.353087+00:00,0.0001,211.79481601715088,745538.5888938598,2,1.0,223.4807166849987,1.0,3.433227584537235e-05,3.4332275235965424e-05,3.4332275390625e-05,3.4332275390625e-05,0.888,29.246957267849066,0.43680673154114974,2.9043520386904462,10.35735927971307,0.88,"simultaneous generation, line-flow, and ramping feasibility; power balance is reported separately as a numerical identity","[0.8706996979082036,0.8887168486135768]",4400,1.0,0.0,0.0,0.0,0.0,0.9602,13.626401850121056,0.08129759256536429,0.0,2.822005562473641,747898.0599848089,747395.7261462396,715861.7335434158,781887.7109252296,20070.975748947214,5000,1213.4634418487813,True,0.0,0.0,5.422364054320497e-05,0.0,0.0,0,0,False,5.351492682065825,2.636117962644345,-5.351492682065825,5.083132828061636,57.994595178175594,22,3,False,True,0.0,0.0,76.22528422209876,0.0,0.0,0,0,130.20492553710938,15.630247897663166,50.56097412109375,False,1.6031779862385136,1.281073630580919,-1.6031779862385136,1.5998721514081833,7.686441783485513,6,3,716190.9016592937,-29347.687234565616,745538.5888938593,,,,,,Joint CLDM distribution expert,,native-center direct paired random 200,20260769,False,,,,,,,,,,,,,,,,,,,
44,2013-08-01T01:00:00.000000000,Joint-CLDM,Witness-200,True,2026-07-28T09:52:08.682256+00:00,0.0001,191.12874293327332,748377.2670180214,2,1.0,202.7347822369993,1.0,3.433233541727532e-05,3.433227354094015e-05,3.433230426708178e-05,3.433231540839188e-05,0.9972,3.6203701562642507,0.002862275830255776,0.0,0.0,0.9968,"simultaneous generation, line-flow, and ramping feasibility; power balance is reported separately as a numerical identity","[0.994807939169344,0.9980292721780785]",4984,1.0,0.0,0.0,0.0,0.0,0.9988,1.3670706133355282,0.0010888542388902266,0.0,0.0,750875.1834915518,750396.0990749865,718802.0355072628,784782.4105360137,20055.226190341564,5000,1213.4634418488763,True,0.0,0.0,5.422363303987368e-05,0.0,0.0,0,0,False,1.1665300309030493,0.9639605813636438,-1.1665300309030493,1.1327594168994646,8.675645232272794,9,1,False,True,0.0,0.0,90.45601718226155,0.0,0.0,0,0,130.20492553710938,12.88710070314712,50.56097412109375,False,0.19974289058294303,0.19974289058294303,-0.19974289058294303,0.19974289058294303,0.19974289058294303,1,1,719509.7941202612,-28867.47289775987,748377.2670180211,6000,667,40260769,145,50260769,Joint CLDM distribution expert,100,native-center constraint witnesses plus uniform core,,False,55,159,20,308,129,18,329,0,0,0,0,0,0,55,27,189,47,14,52
44,2013-08-01T01:00:00.000000000,STDE-CDM,Initial-200,True,2026-07-28T09:55:55.354048+00:00,0.0001,214.76108193397522,740644.9398193312,2,1.0,226.28799358200013,1.0,2.6702881086748675e-05,2.6702880753555292e-05,2.6702880973061838e-05,2.6702880973061838e-05,0.8914,26.267931248240984,0.4057760998505819,2.4773998921455362,10.28123799687752,0.883,"simultaneous generation, line-flow, and ramping feasibility; power balance is reported separately as a numerical identity","[0.873795386044444,0.8916165542656663]",4415,1.0,0.0,0.0,0.0,0.0,0.9618,12.706837517379803,0.08684210049862846,0.0,2.8246115807328764,739854.7292789663,739663.7315984077,710773.2201962761,769844.8135893351,17906.701363658885,5000,981.9012517929082,True,0.0,0.0,6.566772472306184e-05,0.0,0.0,0,0,False,3.5165515327407015,1.3582521456220222,-3.5165515327407015,3.392809435007755,21.732034329952356,16,3,False,True,0.0,0.0,76.20228895522797,0.0,0.0,0,0,92.39207458496094,13.05244815171535,40.91255187988281,False,0.5214193574791004,0.26832849692662464,-0.5214193574791004,0.4848810317204851,0.8049854907798739,3,2,715846.3415220911,-24798.598297239747,740644.9398193308,,,,,,spatiotemporal expert joint forecast head,,native-center direct paired random 200,20260769,False,,,,,,,,,,,,,,,,,,,
44,2013-08-01T01:00:00.000000000,STDE-CDM,Witness-200,True,2026-07-28T09:59:12.161068+00:00,0.0001,184.57474398612976,743265.5251537523,2,1.0,196.2275808180002,1.0,2.670292678885744e-05,2.670287162331988e-05,2.6702899617703224e-05,2.670290916853446e-05,0.9976,1.3730166654776639,0.0016723902182900318,0.0,0.0,0.9974,"simultaneous generation, line-flow, and ramping feasibility; power balance is reported separately as a numerical identity","[0.9955564171049373,0.9984798730001511]",4987,1.0,0.0,0.0,0.0,0.0,0.9996,0.15973518976103307,4.8069548204928484e-05,0.0,0.0,742506.7557019487,742329.2188196401,713543.7099426324,772603.5788751262,17895.73020331019,5000,981.9012517928488,True,0.0,0.0,6.56677047141784e-05,0.0,0.0,0,0,True,0.0,0.0,0.9185973992162393,0.0,0.0,0,0,True,True,0.0,0.0,90.185145962537,0.0,0.0,0,0,92.39207458496094,11.868390677684946,40.91255187988281,True,0.0,0.0,1.0535373420339234,0.0,0.0,0,0,718770.8349870696,-24494.690166682354,743265.525153752,6000,680,40260769,148,50260769,spatiotemporal expert joint forecast head,100,native-center constraint witnesses plus uniform core,,False,52,144,20,275,121,18,360,0,0,0,0,0,0,36,20,191,36,15,58
45,2013-09-24T01:00:00.000000000,Joint-CLDM,Initial-200,True,2026-07-28T10:02:45.723995+00:00,0.0001,190.77755403518677,736579.558543686,2,1.0,202.32197531400016,1.0,2.288818404849735e-05,2.2888183778013625e-05,2.288818404849735e-05,2.288818404849735e-05,0.9196,16.716579019721237,0.1870342501275332,1.0956166901885545,4.946141223302068,0.9084,"simultaneous generation, line-flow, and ramping feasibility; power balance is reported separately as a numerical identity","[0.9000878237861217,0.9160851172651813]",4542,1.0,0.0,0.0,0.0,0.0,0.9586,9.29410278057225,0.054550483759634345,0.0,1.784627834852971,730208.6940803524,729693.4349000588,695640.283758595,766202.5851837584,21526.355776465512,5000,774.8561992645391,True,0.0,0.0,6.185302723006317e-05,0.0,0.0,0,0,True,0.0,0.0,1.2572180212966302,0.0,0.0,0,0,True,True,0.0,0.0,79.3502063743342,0.0,0.0,0,0,80.7890853881836,11.476472171106714,32.285675048828125,True,0.0,0.0,2.7408648587245104,0.0,0.0,0,0,741926.0852633973,5346.526719711488,736579.5585436858,,,,,,Joint CLDM distribution expert,,native-center direct paired random 200,20260770,False,,,,,,,,,,,,,,,,,,,
45,2013-09-24T01:00:00.000000000,Joint-CLDM,Witness-200,True,2026-07-28T10:05:58.082143+00:00,0.0001,180.23418498039246,740310.5958530086,2,1.0,191.7529686509988,1.0,2.2888213379701483e-05,2.288818601264211e-05,2.2888195189807448e-05,2.288820155627036e-05,0.9986,2.1110946331273537,0.0019278098774225668,0.0,0.0,0.9986,"simultaneous generation, line-flow, and ramping feasibility; power balance is reported separately as a numerical identity","[0.9971127802223824,0.999321667398038]",4993,1.0,0.0,0.0,0.0,0.0,0.9994,0.7643349514595776,0.00031982604086231277,0.0,0.0,733949.9620219038,733394.7535981936,699413.4656610609,769961.7250430671,21522.750790823007,5000,774.856199264528,True,0.0,0.0,6.185302723006317e-05,0.0,0.0,0,0,True,0.0,0.0,1.2800605198937873,0.0,0.0,0,0,True,True,0.0,0.0,82.55756909628845,0.0,0.0,0,0,80.7890853881836,8.097425658820725,32.285675048828125,True,0.0,0.0,4.0316981389092845,0.0,0.0,0,0,745472.8503915373,5162.254538529203,740310.5958530081,6000,543,40260770,146,50260770,Joint CLDM distribution expert,100,native-center constraint witnesses plus uniform core,,False,54,165,20,238,175,19,236,0,0,0,0,0,0,32,21,180,32,16,95
45,2013-09-24T01:00:00.000000000,STDE-CDM,Initial-200,True,2026-07-28T10:09:43.540614+00:00,0.0001,213.6561119556427,723440.997830587,2,1.0,225.06900505500016,1.0,1.5258789744621026e-05,1.5258789321296717e-05,1.525878951724735e-05,1.525878951724735e-05,0.9266,12.199346274103126,0.16960169824654286,0.8650117244618221,4.578005461753493,0.915,"simultaneous generation, line-flow, and ramping feasibility; power balance is reported separately as a numerical identity","[0.906947742051565,0.9224150653340637]",4575,1.0,0.0,0.0,0.0,0.0,0.9672,6.639250622163367,0.04065792783627359,0.0,1.4737247951751062,720741.2714995873,720388.9393754287,690014.841470494,752778.0531513205,19134.3103690762,5000,876.6592931747437,True,0.0,0.0,7.711181663362368e-05,0.0,0.0,0,0,True,0.0,0.0,1.2451754393243668,0.0,0.0,0,0,True,True,0.0,0.0,77.77093712312941,0.0,0.0,0,0,86.42742919921875,13.900171520991101,36.527469635009766,True,0.0,0.0,2.1351494808943734,0.0,0.0,0,0,741170.2047356735,17729.20690508699,723440.9978305865,,,,,,spatiotemporal expert joint forecast head,,native-center direct paired random 200,20260770,False,,,,,,,,,,,,,,,,,,,
45,2013-09-24T01:00:00.000000000,STDE-CDM,Witness-200,True,2026-07-28T10:13:10.754827+00:00,0.0001,195.076730966568,726421.2362093471,2,1.0,206.624405124001,1.0,1.5258789744621026e-05,1.5258789306972177e-05,1.525878951724735e-05,1.525878951724735e-05,0.998,2.5433831335607877,0.0021635740110423785,0.0,0.0,0.998,"simultaneous generation, line-flow, and ramping feasibility; power balance is reported separately as a numerical identity","[0.9963221157237114,0.998913253139043]",4990,1.0,0.0,0.0,0.0,0.0,0.9992,1.2096159719031263,0.0005572162745323716,0.0,0.0,723717.0584288237,723364.2413853903,692932.8722884756,755777.6138401318,19152.058691217026,5000,876.6592931747437,True,0.0,0.0,7.711181663362368e-05,0.0,0.0,0,0,True,0.0,0.0,1.2716549649008968,0.0,0.0,0,0,True,True,0.0,0.0,80.97710696604508,0.0,0.0,0,0,86.42742919921875,9.915387551866068,36.527469635009766,True,0.0,0.0,3.4171346075119295,0.0,0.0,0,0,743969.483825437,17548.24761609023,726421.2362093468,6000,516,40260770,148,50260770,spatiotemporal expert joint forecast head,100,native-center constraint witnesses plus uniform core,,False,52,147,20,224,156,19,236,0,0,0,0,0,0,25,16,120,27,16,83
46,2013-01-01T01:00:00.000000000,Joint-CLDM,Initial-200,True,2026-07-28T10:16:51.623512+00:00,0.0001,197.95234203338623,888376.6562490688,2,1.0,209.59500352400028,1.0,1.3351528423299897e-05,1.3351436837638175e-05,1.3351471579881036e-05,1.335148818043308e-05,0.889,22.29519866737977,0.34955541959025627,2.262561287247429,8.122207966952667,0.8818,"simultaneous generation, line-flow, and ramping feasibility; power balance is reported separately as a numerical identity","[0.8725568894737833,0.890456893320995]",4409,1.0,0.0,0.0,0.0,0.0,0.953,12.097929583215404,0.10432695838105428,0.0,3.348899065940397,885809.5004377388,886350.2125716081,855005.0840080316,915040.4532326347,18190.401536506608,5000,767.4638910293597,True,0.0,0.0,8.092651389924868e-05,0.0,0.0,0,0,False,0.904474278465301,0.769251768170929,-0.904474278465301,0.9026803898123831,3.846258840854645,5,1,False,True,0.0,0.0,74.00483849557907,0.0,0.0,0,0,85.14688110351562,13.75284520996454,31.977663040161133,True,0.0,0.0,5.167007528835356,0.0,0.0,0,0,898656.2811580147,10279.624908946338,888376.6562490683,,,,,,Joint CLDM distribution expert,,native-center direct paired random 200,20260771,False,,,,,,,,,,,,,,,,,,,
46,2013-01-01T01:00:00.000000000,Joint-CLDM,Witness-200,True,2026-07-28T10:20:07.534210+00:00,0.0001,183.7569260597229,890883.4213170822,2,1.0,195.31651194199912,1.0,1.3351440884434851e-05,1.335144039030638e-05,1.3351440657061175e-05,1.3351440657061175e-05,0.9958,2.8957631602021685,0.004383561987492855,0.0,0.0,0.995,"simultaneous generation, line-flow, and ramping feasibility; power balance is reported separately as a numerical identity","[0.9926290765275543,0.9966108985468702]",4975,1.0,0.0,0.0,0.0,0.0,0.9966,2.942090338887585,0.003253726799455742,0.0,0.0,888358.7074637822,888888.4180612204,857767.7373870157,917286.9971965277,18041.16449102069,5000,767.4638910293577,True,0.0,0.0,8.0926513671875e-05,0.0,0.0,0,0,True,0.0,0.0,1.2154359495734575,0.0,0.0,0,0,True,True,0.0,0.0,74.5974974047325,0.0,0.0,0,0,85.14688110351562,10.14191568689817,31.977663040161133,True,0.0,0.0,2.653162785978086,0.0,0.0,0,0,901040.6092151243,10157.187898042379,890883.4213170819,6000,713,40260771,152,50260771,Joint CLDM distribution expert,100,native-center constraint witnesses plus uniform core,,False,48,127,17,357,105,19,318,0,0,0,0,0,0,36,19,189,26,13,143
46,2013-01-01T01:00:00.000000000,STDE-CDM,Initial-200,True,2026-07-28T10:24:01.046245+00:00,0.0001,221.6357400417328,872668.8387597478,2,1.0,233.13042853500156,1.0,1.5258789744621026e-05,1.52587892900101e-05,1.525878951724735e-05,1.525878951724735e-05,0.902,20.037758536513884,0.27247580576838626,1.7449003020696572,6.54971617284485,0.8874,"simultaneous generation, line-flow, and ramping feasibility; power balance is reported separately as a numerical identity","[0.8783391350915384,0.8958660494414556]",4437,1.0,0.0,0.0,0.0,0.0,0.945,13.311239640842174,0.10294840118173752,0.08004184747833214,3.1640255008060403,883554.7950593794,883788.4303874979,855469.3904481394,910796.1866460196,16754.198348435108,5000,949.97236967087,True,0.0,0.0,6.9482421875e-05,0.0,0.0,0,0,False,0.17373362729674824,0.15586253085991508,-0.17373362729674824,0.1728850745811382,0.6234501234396603,4,1,False,True,0.0,0.0,73.95433992245853,0.0,0.0,0,0,104.085693359375,16.498156443631313,39.58218002319336,True,0.0,0.0,1.250309211025467,0.0,0.0,0,0,898292.8105051217,25623.97174537438,872668.8387597473,,,,,,spatiotemporal expert joint forecast head,,native-center direct paired random 200,20260771,False,,,,,,,,,,,,,,,,,,,
46,2013-01-01T01:00:00.000000000,STDE-CDM,Witness-200,True,2026-07-28T10:27:37.394899+00:00,0.0001,204.14479207992554,874913.4045202729,2,1.0,215.768385192001,1.0,1.5258789744621026e-05,1.525878909487801e-05,1.5258789289873675e-05,1.525878951724735e-05,0.9976,4.62966550946399,0.0038352257225714036,0.0,0.0,0.9968,"simultaneous generation, line-flow, and ramping feasibility; power balance is reported separately as a numerical identity","[0.994807939169344,0.9980292721780785]",4984,1.0,0.0,0.0,0.0,0.0,0.998,2.299435493023285,0.0016651181405532988,0.0,0.0,885764.8811363144,886035.4857206873,857824.5518061311,912755.6514237436,16642.040620941494,5000,949.9723696708647,True,0.0,0.0,6.948242210237368e-05,0.0,0.0,0,0,True,0.0,0.0,1.1934949080524433,0.0,0.0,0,0,True,True,0.0,0.0,74.55361225525321,0.0,0.0,0,0,104.085693359375,12.55199072295374,39.58218002319336,True,0.0,0.0,2.9592132666563735,0.0,0.0,0,0,900342.3194376655,25428.914917393005,874913.4045202725,6000,665,40260771,151,50260771,spatiotemporal expert joint forecast head,100,native-center constraint witnesses plus uniform core,,False,49,119,16,280,104,21,322,0,0,0,0,0,0,27,15,169,21,13,178
47,2012-09-04T01:00:00.000000000,Joint-CLDM,Initial-200,True,2026-07-28T10:31:20.031749+00:00,0.0001,199.7624900341034,514654.78028254095,2,1.0,211.34628115799933,1.0,2.288818950546556e-05,2.2888184290832213e-05,2.288818564011308e-05,2.288818654960778e-05,0.9314,19.063269755819675,0.28274884587777416,1.1388912430758216,8.143790211066607,0.9256,"simultaneous generation, line-flow, and ramping feasibility; power balance is reported separately as a numerical identity","[0.9179949233051051,0.932551608799289]",4628,1.0,0.0,0.0,0.0,0.0,0.9672,10.905211751458715,0.06653860629602788,0.0,2.345288633960068,530615.2197425814,529000.4900280265,507074.57408011344,559922.7270456888,16144.293600202836,5000,1226.0052337646487,True,0.0,0.0,6.185302666162898e-05,0.0,0.0,0,0,True,0.0,0.0,1.2107257372962223,0.0,0.0,0,0,True,True,0.0,0.0,103.89723452059606,0.0,0.0,0,0,106.1957778930664,18.149304859874093,51.083553314208984,True,0.0,0.0,2.6462049681121886,0.0,0.0,0,0,564261.0829761936,49606.302693653095,514654.78028254054,,,,,,Joint CLDM distribution expert,,native-center direct paired random 200,20260772,False,,,,,,,,,,,,,,,,,,,
47,2012-09-04T01:00:00.000000000,Joint-CLDM,Witness-200,True,2026-07-28T10:34:46.447191+00:00,0.0001,194.38194489479065,516531.39572441776,2,1.0,205.8332994229968,1.0,2.2888184275871026e-05,2.2888183831173593e-05,2.288818404849735e-05,2.288818404849735e-05,0.996,14.826301953425094,0.016923233108251248,0.0,0.0,0.9956,"simultaneous generation, line-flow, and ramping feasibility; power balance is reported separately as a numerical identity","[0.9933466185851141,0.9970924352469765]",4978,1.0,0.0,0.0,0.0,0.0,0.9984,5.259557486150793,0.0024635749841642094,0.0,0.0,532775.3587122132,531151.7576495943,508866.88446225104,562577.0076398551,16424.93321292205,5000,1226.0052337646475,True,0.0,0.0,6.185302711637633e-05,0.0,0.0,0,0,True,0.0,0.0,1.216971425295835,0.0,0.0,0,0,True,True,0.0,0.0,94.03234371392642,0.0,0.0,0,0,106.1957778930664,11.289304075808968,51.083553314208984,True,0.0,0.0,3.9973643734018793,0.0,0.0,0,0,567080.3319279172,50548.93620349979,516531.3957244174,6000,475,40260772,145,50260772,Joint CLDM distribution expert,100,native-center constraint witnesses plus uniform core,,False,55,81,14,67,145,20,376,0,0,0,0,0,0,70,28,141,52,19,76
47,2012-09-04T01:00:00.000000000,STDE-CDM,Initial-200,True,2026-07-28T10:38:57.842074+00:00,0.0001,239.60775184631348,512466.30468969303,2,1.0,250.9989077049977,1.0,4.577637400871026e-05,4.5776367810367446e-05,4.577636968861043e-05,4.577637105285248e-05,0.921,22.10132407884162,0.3182279901796278,1.3008652373077672,9.598503168134702,0.914,"simultaneous generation, line-flow, and ramping feasibility; power balance is reported separately as a numerical identity","[0.9059075036392141,0.9214568391503046]",4570,1.0,0.0,0.0,0.0,0.0,0.9654,11.120322753429889,0.07842523537915475,0.0,2.8331227292330574,524491.694985537,523326.91839422076,505293.2950510389,548370.1403534481,13321.619783212536,5000,1168.8526191710994,True,0.0,0.0,4.659423805387633e-05,0.0,0.0,0,0,False,0.4237578818343479,0.4237578818343479,-0.4237578818343479,0.4237578818343479,0.4237578818343479,1,1,False,True,0.0,0.0,104.61579955753564,0.0,0.0,0,0,123.2578353881836,23.27752611997154,48.70219039916992,True,0.0,0.0,1.5816827244639065,0.0,0.0,0,0,563546.0573487228,51079.7526590302,512466.3046896926,,,,,,spatiotemporal expert joint forecast head,,native-center direct paired random 200,20260772,False,,,,,,,,,,,,,,,,,,,
47,2012-09-04T01:00:00.000000000,STDE-CDM,Witness-200,True,2026-07-28T10:43:00.005239+00:00,0.0001,230.08727717399597,513913.5696676534,2,1.0,241.57936103000247,1.0,4.5776367414873675e-05,4.57763671536668e-05,4.5776367414873675e-05,4.5776367414873675e-05,0.9962,15.186417169018647,0.014236635565635489,0.0,0.0,0.9962,"simultaneous generation, line-flow, and ramping feasibility; power balance is reported separately as a numerical identity","[0.9940722714406638,0.9975658611490925]",4981,1.0,0.0,0.0,0.0,0.0,0.9992,4.991122952419609,0.0019943029576797834,0.0,0.0,526134.9326100616,524909.9319671778,506580.6031783582,550452.5695520748,13571.396648728958,5000,1168.8526191710828,True,0.0,0.0,4.659423850862368e-05,0.0,0.0,0,0,True,0.0,0.0,1.196052080700408,0.0,0.0,0,0,True,True,0.0,0.0,97.5498919930467,0.0,0.0,0,0,123.2578353881836,15.508050855796402,48.70219039916992,True,0.0,0.0,4.382440423621899,0.0,0.0,0,0,566023.741056131,52110.1713884779,513913.56966765306,6000,514,40260772,149,50260772,spatiotemporal expert joint forecast head,100,native-center constraint witnesses plus uniform core,,False,51,68,14,96,133,16,376,0,0,0,0,0,0,48,23,135,41,16,78
48,2013-02-03T01:00:00.000000000,Joint-CLDM,Initial-200,True,2026-07-28T10:46:25.625970+00:00,0.0001,182.5789349079132,908322.2875104806,2,1.0,194.38816974899964,1.0,1.525878951724735e-05,1.525878914362693e-05,1.5258789289873675e-05,1.5258789289873675e-05,0.9052,26.575719841963238,0.31111539750232076,1.8473441784891624,7.722915757584593,0.9014,"simultaneous generation, line-flow, and ramping feasibility; power balance is reported separately as a numerical identity","[0.8928258415341322,0.909357847344401]",4507,1.0,0.0,0.0,0.0,0.0,0.967,12.032320269764735,0.08257611071165051,0.0,3.1886199034880347,905764.8264652538,906198.3821535457,874636.1614312698,934454.5801834652,18360.265194362495,5000,537.6776657104988,True,0.0,0.0,8.188018821565493e-05,0.0,0.0,0,0,True,0.0,0.0,1.1163133480209275,0.0,0.0,0,0,True,True,0.0,0.0,74.24237591850093,0.0,0.0,0,0,70.42431640625,11.905856195714643,22.403236389160156,True,0.0,0.0,1.116316020128778,0.0,0.0,0,0,909698.5770213285,1376.28951084835,908322.2875104801,,,,,,Joint CLDM distribution expert,,native-center direct paired random 200,20260773,False,,,,,,,,,,,,,,,,,,,
48,2013-02-03T01:00:00.000000000,Joint-CLDM,Witness-200,True,2026-07-28T10:49:40.592616+00:00,0.0001,182.62338304519653,910299.4099769001,2,1.0,194.35411437899893,1.0,1.5263551176758483e-05,1.5258575190273405e-05,1.5260232646596706e-05,1.5261161736361827e-05,0.9922,8.471056183961899,0.01642538159748398,0.0,0.0,0.9914,"simultaneous generation, line-flow, and ramping feasibility; power balance is reported separately as a numerical identity","[0.988436678160062,0.9936088243683665]",4957,1.0,0.0,0.0,0.0,0.0,0.9974,3.4687523440913886,0.0035021999117893486,0.0,0.0,907764.2631378028,908178.6658843826,876712.1472307784,936383.9983035325,18304.914329224528,5000,537.6776657104797,True,0.0,0.0,8.187999835863594e-05,0.0,0.0,0,0,True,0.0,0.0,1.1813590993363192,0.0,0.0,0,0,True,True,0.0,0.0,74.80638742686781,0.0,0.0,0,0,70.42431640625,9.709925377527101,22.403236389160156,True,0.0,0.0,5.9535579980580735,0.0,0.0,0,0,911685.8586862286,1386.4487093287753,910299.4099768999,6000,569,40260773,150,50260773,Joint CLDM distribution expert,100,native-center constraint witnesses plus uniform core,,False,50,127,21,321,100,17,217,0,0,0,0,0,0,27,15,134,23,14,92
48,2013-02-03T01:00:00.000000000,STDE-CDM,Initial-200,True,2026-07-28T10:53:24.851602+00:00,0.0001,212.2576460838318,889532.3883980777,2,1.0,223.87577383199823,1.0,1.1444092365309189e-05,1.1444092002921024e-05,1.1444092137935513e-05,1.1444092251622351e-05,0.8986,26.37600225195787,0.3273613772963373,2.06551401833355,7.9000609356738405,0.8924,"simultaneous generation, line-flow, and ramping feasibility; power balance is reported separately as a numerical identity","[0.8835076415055677,0.900689866007976]",4462,1.0,0.0,0.0,0.0,0.0,0.9696,8.311106798961262,0.055273654110640856,0.0,1.9392919082854343,903065.1385286438,903278.8133137835,873901.0891553123,930463.3624939519,17332.44527892974,5000,684.1356773376477,True,0.0,0.0,8.474121071012633e-05,0.0,0.0,0,0,True,0.0,0.0,1.0735271622535976,0.0,0.0,0,0,True,True,0.0,0.0,74.15680351370975,0.0,0.0,0,0,77.32492065429688,11.618001153124911,28.505653381347656,True,0.0,0.0,1.0735277136973487,0.0,0.0,0,0,909208.7611770264,19676.372778949095,889532.3883980773,,,,,,spatiotemporal expert joint forecast head,,native-center direct paired random 200,20260773,False,,,,,,,,,,,,,,,,,,,
48,2013-02-03T01:00:00.000000000,STDE-CDM,Witness-200,True,2026-07-28T10:57:07.523661+00:00,0.0001,210.29800391197205,891385.9644957356,2,1.0,222.09230931300044,1.0,1.1444347592259874e-05,1.1444026218418913e-05,1.1444121588510825e-05,1.1444178200008537e-05,0.9938,7.277015827365126,0.014002056216131183,0.0,0.0,0.9934,"simultaneous generation, line-flow, and ramping feasibility; power balance is reported separately as a numerical identity","[0.990745942433917,0.9952964892867314]",4967,1.0,0.0,0.0,0.0,0.0,0.9974,2.755142755076882,0.0026858582193472905,0.0,0.0,904876.6662885139,905097.6833364945,875861.9636842769,932293.8027105889,17293.63620919941,5000,684.1356773376287,True,0.0,0.0,8.474120525315812e-05,0.0,0.0,0,0,True,0.0,0.0,1.1465019006430381,0.0,0.0,0,0,True,True,0.0,0.0,74.73667295778941,0.0,0.0,0,0,77.32492065429688,9.731968911067948,28.505653381347656,True,0.0,0.0,5.432248165419988,0.0,0.0,0,0,911066.3946589895,19680.430163254263,891385.9644957352,6000,603,40260773,156,50260773,spatiotemporal expert joint forecast head,100,native-center constraint witnesses plus uniform core,,False,44,106,19,345,91,17,227,0,0,0,0,0,0,19,13,115,16,9,61
49,2012-03-26T01:00:00.000000000,Joint-CLDM,Initial-200,True,2026-07-28T11:00:38.446863+00:00,0.0001,187.97641396522522,1000136.736494636,2,1.0,199.67008476299816,1.0,6.914139703440014e-06,6.9141387288254915e-06,6.914139021318988e-06,6.914139248692663e-06,0.9184,42.39792184981797,0.5230128170591141,2.2545266516774367,15.259434179815836,0.9154,"simultaneous generation, line-flow, and ramping feasibility; power balance is reported separately as a numerical identity","[0.9073639262583915,0.9227982669656811]",4577,1.0,0.0,0.0,0.0,0.0,0.965,32.92057612456491,0.16667002498185682,0.0,6.111617529184169,990899.6673222709,992063.5399938948,965298.4091869033,1011775.7242771236,14405.78582764099,5000,279.54589176177814,True,0.0,0.0,9.04632577454322e-05,0.0,0.0,0,0,True,0.0,0.0,1.0624454184806034,0.0,0.0,0,0,True,True,0.0,0.0,73.83240721421677,0.0,0.0,0,0,30.430410385131836,5.121771314218215,11.647744178771973,True,0.0,0.0,1.0624709919769124,0.0,0.0,0,0,998979.0812377819,-1157.6552568537882,1000136.7364946357,,,,,,Joint CLDM distribution expert,,native-center direct paired random 200,20260774,False,,,,,,,,,,,,,,,,,,,
49,2012-03-26T01:00:00.000000000,Joint-CLDM,Witness-200,True,2026-07-28T11:03:56.627589+00:00,0.0001,185.9660289287567,1001326.629786091,2,1.0,197.5856889960014,1.0,6.914139703440014e-06,6.914139113041529e-06,6.914139476066339e-06,6.914139476066339e-06,0.9924,19.331773867391732,0.023511658359184902,0.0,0.0,0.9918,"simultaneous generation, line-flow, and ramping feasibility; power balance is reported separately as a numerical identity","[0.9888953739301493,0.9939495144367235]",4959,1.0,0.0,0.0,0.0,0.0,0.998,6.563886403488901,0.004335551470877772,0.0,0.0,992198.9599163868,993402.9047983524,966833.1106858538,1012877.0946677906,14269.75980653436,5000,279.54589176177996,True,0.0,0.0,9.046325706331118e-05,0.0,0.0,0,0,True,0.0,0.0,1.1243287106989435,0.0,0.0,0,0,True,True,0.0,0.0,73.9561737840362,0.0,0.0,0,0,30.430410385131836,6.773122683771035,11.647744178771973,True,0.0,0.0,5.00161521107303,0.0,0.0,0,0,1000134.0656085685,-1192.5641775224358,1001326.6297860909,6000,536,40260774,154,50260774,Joint CLDM distribution expert,100,native-center constraint witnesses plus uniform core,,False,46,100,16,422,48,12,97,0,0,0,0,0,0,22,10,95,29,18,155
49,2012-03-26T01:00:00.000000000,STDE-CDM,Initial-200,True,2026-07-28T11:07:20.039835+00:00,0.0001,191.52187299728394,996429.5380908948,2,1.0,203.03438060199915,1.0,4.768372036778601e-06,4.768371553018369e-06,4.7683718094049254e-06,4.7683718094049254e-06,0.9222,33.43816449386911,0.3948073763994939,1.5787196731449005,11.124045552797202,0.915,"simultaneous generation, line-flow, and ramping feasibility; power balance is reported separately as a numerical identity","[0.906947742051565,0.9224150653340637]",4575,1.0,0.0,0.0,0.0,0.0,0.9608,28.319615060921805,0.1483099574598261,0.0,4.995369207242861,989654.958331967,990625.5968865992,965246.4316059374,1009958.6354012118,13691.278984853421,5000,297.0979027748113,True,0.0,0.0,8.855590865787236e-05,0.0,0.0,0,0,True,0.0,0.0,1.0534054731328055,0.0,0.0,0,0,True,True,0.0,0.0,74.03102390504029,0.0,0.0,0,0,31.049652099609375,6.171376627465165,12.37907886505127,True,0.0,0.0,1.053419799317279,0.0,0.0,0,0,998747.4720057447,2317.933914850233,996429.5380908945,,,,,,spatiotemporal expert joint forecast head,,native-center direct paired random 200,20260774,False,,,,,,,,,,,,,,,,,,,
49,2012-03-26T01:00:00.000000000,STDE-CDM,Witness-200,True,2026-07-28T11:10:35.111094+00:00,0.0001,182.82300400733948,997332.0176497845,2,1.0,194.50224696700025,1.0,4.7684175115136895e-06,4.768372305488811e-06,4.768384326325759e-06,4.768393182530417e-06,0.9938,10.930831222686486,0.013924557233909238,0.0,0.0,0.9924,"simultaneous generation, line-flow, and ramping feasibility; power balance is reported separately as a numerical identity","[0.9895861903146709,0.9944577768098676]",4962,1.0,0.0,0.0,0.0,0.0,0.9964,7.401123921494914,0.008531424535467253,0.0,0.0,990604.7199748605,991577.8524204947,966361.4081405206,1010752.5096191734,13599.75424588681,5000,297.0979027748002,True,0.0,0.0,8.855590388302517e-05,0.0,0.0,0,0,True,0.0,0.0,1.0916181246256933,0.0,0.0,0,0,True,True,0.0,0.0,73.89075260356503,0.0,0.0,0,0,31.049652099609375,4.972757986333818,12.37907886505127,True,0.0,0.0,4.08720812458461,0.0,0.0,0,0,999613.4481589508,2281.430509166792,997332.017649784,6000,536,40260774,160,50260774,spatiotemporal expert joint forecast head,100,native-center constraint witnesses plus uniform core,,False,40,80,17,430,29,10,74,0,0,0,0,0,0,13,9,88,21,14,177
